Fold,Run ID,Final Model,Best Loss,Loss,Accuracy,F1,Num Classes,Input Size,Hidden Size,Num Layers,Output Size,Num Epochs,Learning Rate,Batch Size
0,20240630085259_1007361e,0,0.29811370372772217,0.29811370372772217,0.8888888888888888,0.8898508898508899,9,12,100,2,1,600,0.000179,32
1,20240630085259_1007361e,0,0.026127789169549942,0.026127789169549942,1.0,1.0,9,12,100,2,1,600,0.000179,32
2,20240630085259_1007361e,0,0.8432343006134033,0.8432343006134033,0.7407407407407407,0.7520282186948853,9,12,100,2,1,600,0.000179,32
3,20240630085259_1007361e,0,0.5407354831695557,0.5407354831695557,0.8888888888888888,0.9131313131313132,9,12,100,2,1,600,0.000179,32
4,20240630085259_1007361e,0,0.44157978892326355,0.44157978892326355,0.9259259259259259,0.9223985890652557,9,12,100,2,1,600,0.000179,32
5,20240630085259_1007361e,0,0.505304753780365,0.505304753780365,0.8148148148148148,0.8481107369996259,9,12,100,2,1,600,0.000179,32
6,20240630085259_1007361e,0,0.7263235449790955,0.7263235449790955,0.9259259259259259,0.91005291005291,9,12,100,2,1,600,0.000179,32
7,20240630085259_1007361e,0,0.2879554331302643,0.2879554331302643,0.9259259259259259,0.9300411522633745,9,12,100,2,1,600,0.000179,32
8,20240630085259_1007361e,0,0.9877120852470398,0.9877120852470398,0.7037037037037037,0.7266178266178266,9,12,100,2,1,600,0.000179,32
9,20240630085259_1007361e,0,0.11562876403331757,0.11562876403331757,0.9259259259259259,0.9248677248677247,9,12,100,2,1,600,0.000179,32
Average,20240630085259_1007361e,0,0.47727156467735765,0.47727156467735765,0.874074074074074,0.8817099361543805,9,12,100,2,1,600,0.000179,32
0,20240630085259_1007361e,1,0.04712970906661616,0.5099249664000753,0.8432432432432433,0.8438294112110281,9,12,100,2,1,600,0.000179,32
0,20240630090942_1bf8ac90,0,0.7535368800163269,0.7535368800163269,0.7407407407407407,0.7432098765432099,9,12,100,2,1,600,5.79e-05,32
1,20240630090942_1bf8ac90,0,1.4841477870941162,1.4841477870941162,0.5555555555555556,0.5458553791887125,9,12,100,2,1,600,5.79e-05,32
2,20240630090942_1bf8ac90,0,1.300377607345581,1.300377607345581,0.5925925925925926,0.5807172251616696,9,12,100,2,1,600,5.79e-05,32
3,20240630090942_1bf8ac90,0,1.0813719034194946,1.0813719034194946,0.7037037037037037,0.6791887125220458,9,12,100,2,1,600,5.79e-05,32
4,20240630090942_1bf8ac90,0,0.8755736351013184,0.8755736351013184,0.7407407407407407,0.7478488589599701,9,12,100,2,1,600,5.79e-05,32
5,20240630090942_1bf8ac90,0,0.8556603193283081,0.8556603193283081,0.6296296296296297,0.6128747795414462,9,12,100,2,1,600,5.79e-05,32
6,20240630090942_1bf8ac90,0,0.9860016107559204,0.9860016107559204,0.6666666666666666,0.6465314520870076,9,12,100,2,1,600,5.79e-05,32
7,20240630090942_1bf8ac90,0,1.008131504058838,1.008131504058838,0.5925925925925926,0.5557590557590558,9,12,100,2,1,600,5.79e-05,32
8,20240630090942_1bf8ac90,0,0.8039928674697876,0.8039928674697876,0.7777777777777778,0.7865961199294532,9,12,100,2,1,600,5.79e-05,32
9,20240630090942_1bf8ac90,0,0.6751847863197327,0.6751847863197327,0.7037037037037037,0.7123456790123457,9,12,100,2,1,600,5.79e-05,32
Average,20240630090942_1bf8ac90,0,0.9823978900909424,0.9823978900909424,0.6703703703703703,0.6610927138704917,9,12,100,2,1,600,5.79e-05,32
0,20240630090942_1bf8ac90,1,0.8197998272048103,1.5249297988966657,0.6432432432432433,0.6260044523951169,9,12,100,2,1,600,5.79e-05,32
0,20240630092134_c262ca82,0,0.41010528802871704,0.41010528802871704,0.8888888888888888,0.8767195767195767,9,12,100,2,1,600,0.0002,32
1,20240630092134_c262ca82,0,0.5074358582496643,0.5074358582496643,0.8148148148148148,0.8329037217926107,9,12,100,2,1,600,0.0002,32
2,20240630092134_c262ca82,0,0.33218085765838623,0.33218085765838623,0.8888888888888888,0.882716049382716,9,12,100,2,1,600,0.0002,32
3,20240630092134_c262ca82,0,1.2163552045822144,1.2163552045822144,0.7037037037037037,0.7042328042328042,9,12,100,2,1,600,0.0002,32
4,20240630092134_c262ca82,0,1.116905689239502,1.116905689239502,0.7777777777777778,0.781305114638448,9,12,100,2,1,600,0.0002,32
5,20240630092134_c262ca82,0,0.5386512279510498,0.5386512279510498,0.8148148148148148,0.8223905723905723,9,12,100,2,1,600,0.0002,32
6,20240630092134_c262ca82,0,0.3665992319583893,0.3665992319583893,0.8888888888888888,0.8973544973544975,9,12,100,2,1,600,0.0002,32
7,20240630092134_c262ca82,0,0.18071812391281128,0.18071812391281128,0.9629629629629629,0.9594356261022928,9,12,100,2,1,600,0.0002,32
8,20240630092134_c262ca82,0,0.35929104685783386,0.35929104685783386,0.8518518518518519,0.8499171610282722,9,12,100,2,1,600,0.0002,32
9,20240630092134_c262ca82,0,0.7896544337272644,0.7896544337272644,0.7777777777777778,0.7879188712522045,9,12,100,2,1,600,0.0002,32
Average,20240630092134_c262ca82,0,0.5817896962165833,0.5817896962165833,0.837037037037037,0.8394893994893995,9,12,100,2,1,600,0.0002,32
0,20240630092134_c262ca82,1,0.021683843082023993,0.6194308128035455,0.8432432432432433,0.8464723353796385,9,12,100,2,1,600,0.0002,32
0,20240630093438_3efae31a,0,0.8932581543922424,0.8932581543922424,0.7777777777777778,0.7731120731120731,9,12,100,2,1,600,0.00017,32
1,20240630093438_3efae31a,0,0.6528926491737366,0.6528926491737366,0.7407407407407407,0.7218106995884774,9,12,100,2,1,600,0.00017,32
2,20240630093438_3efae31a,0,0.392503947019577,0.392503947019577,0.8888888888888888,0.8894019560686227,9,12,100,2,1,600,0.00017,32
3,20240630093438_3efae31a,0,1.0571379661560059,1.0571379661560059,0.7407407407407407,0.7272645050422829,9,12,100,2,1,600,0.00017,32
4,20240630093438_3efae31a,0,0.2392214983701706,0.2392214983701706,0.9259259259259259,0.9382716049382716,9,12,100,2,1,600,0.00017,32
5,20240630093438_3efae31a,0,0.6487504243850708,0.6487504243850708,0.7777777777777778,0.7777777777777779,9,12,100,2,1,600,0.00017,32
6,20240630093438_3efae31a,0,0.8997646570205688,0.8997646570205688,0.8148148148148148,0.8123456790123458,9,12,100,2,1,600,0.00017,32
7,20240630093438_3efae31a,0,0.33187997341156006,0.33187997341156006,0.8888888888888888,0.8701487812598925,9,12,100,2,1,600,0.00017,32
8,20240630093438_3efae31a,0,0.2789878249168396,0.2789878249168396,0.8888888888888888,0.8723985890652557,9,12,100,2,1,600,0.00017,32
9,20240630093438_3efae31a,0,0.4158647954463959,0.4158647954463959,0.8518518518518519,0.8512639623750735,9,12,100,2,1,600,0.00017,32
Average,20240630093438_3efae31a,0,0.5810261890292168,0.5810261890292168,0.8296296296296296,0.8233795628240073,9,12,100,2,1,600,0.00017,32
0,20240630093438_3efae31a,1,0.051863006212645106,0.6033146503133079,0.8621621621621622,0.8643289531611076,9,12,100,2,1,600,0.00017,32
0,20240630094627_6615f76e,0,0.4196430742740631,0.4196430742740631,0.8518518518518519,0.8499919833253166,9,12,100,2,1,600,0.000165,32
1,20240630094627_6615f76e,0,0.8667000532150269,0.8667000532150269,0.7407407407407407,0.7365079365079366,9,12,100,2,1,600,0.000165,32
2,20240630094627_6615f76e,0,0.8223240375518799,0.8223240375518799,0.7407407407407407,0.7325102880658436,9,12,100,2,1,600,0.000165,32
3,20240630094627_6615f76e,0,0.47776052355766296,0.47776052355766296,0.8888888888888888,0.8841405508072175,9,12,100,2,1,600,0.000165,32
4,20240630094627_6615f76e,0,0.10419405996799469,0.10419405996799469,0.9629629629629629,0.9677113010446345,9,12,100,2,1,600,0.000165,32
5,20240630094627_6615f76e,0,0.7636035680770874,0.7636035680770874,0.8518518518518519,0.8648442092886538,9,12,100,2,1,600,0.000165,32
6,20240630094627_6615f76e,0,0.4659610986709595,0.4659610986709595,0.8518518518518519,0.8549382716049384,9,12,100,2,1,600,0.000165,32
7,20240630094627_6615f76e,0,0.3203026354312897,0.3203026354312897,0.8888888888888888,0.8879268879268879,9,12,100,2,1,600,0.000165,32
8,20240630094627_6615f76e,0,0.5674044489860535,0.5674044489860535,0.8518518518518519,0.8687830687830689,9,12,100,2,1,600,0.000165,32
9,20240630094627_6615f76e,0,0.4283609092235565,0.4283609092235565,0.7777777777777778,0.7781518892630004,9,12,100,2,1,600,0.000165,32
Average,20240630094627_6615f76e,0,0.5236254408955574,0.5236254408955574,0.8407407407407408,0.8425506386617497,9,12,100,2,1,600,0.000165,32
0,20240630094627_6615f76e,1,0.0955051833556758,0.7203425237670955,0.7972972972972974,0.8006475443381988,9,12,100,2,1,600,0.000165,32
0,20240630095903_eec6aa6e,0,0.1548362672328949,0.1548362672328949,0.9629629629629629,0.9654320987654322,9,12,100,2,1,600,0.000179,32
1,20240630095903_eec6aa6e,0,0.7795567512512207,0.7795567512512207,0.7777777777777778,0.7800705467372133,9,12,100,2,1,600,0.000179,32
2,20240630095903_eec6aa6e,0,0.4338095486164093,0.4338095486164093,0.9259259259259259,0.927946127946128,9,12,100,2,1,600,0.000179,32
3,20240630095903_eec6aa6e,0,0.43351462483406067,0.43351462483406067,0.7777777777777778,0.7643097643097643,9,12,100,2,1,600,0.000179,32
4,20240630095903_eec6aa6e,0,0.6166201233863831,0.6166201233863831,0.8888888888888888,0.8812757201646091,9,12,100,2,1,600,0.000179,32
5,20240630095903_eec6aa6e,0,0.8441245555877686,0.8441245555877686,0.8148148148148148,0.8106701940035274,9,12,100,2,1,600,0.000179,32
6,20240630095903_eec6aa6e,0,0.3056480586528778,0.3056480586528778,0.7777777777777778,0.7906579017690128,9,12,100,2,1,600,0.000179,32
7,20240630095903_eec6aa6e,0,0.3688508868217468,0.3688508868217468,0.8518518518518519,0.8525359414248305,9,12,100,2,1,600,0.000179,32
8,20240630095903_eec6aa6e,0,0.27227622270584106,0.27227622270584106,0.9259259259259259,0.923015873015873,9,12,100,2,1,600,0.000179,32
9,20240630095903_eec6aa6e,0,0.44549795985221863,0.44549795985221863,0.8518518518518519,0.84673721340388,9,12,100,2,1,600,0.000179,32
Average,20240630095903_eec6aa6e,0,0.46547349989414216,0.46547349989414216,0.8555555555555555,0.854265138154027,9,12,100,2,1,600,0.000179,32
0,20240630095903_eec6aa6e,1,0.017012319734527007,0.49005208690685254,0.8837837837837839,0.884773657890895,9,12,100,2,1,600,0.000179,32
0,20240630100950_132f9e5f,0,0.7711656093597412,0.7711656093597412,0.7777777777777778,0.7856261022927691,9,12,100,2,1,600,0.000179,32
1,20240630100950_132f9e5f,0,0.6528742909431458,0.6528742909431458,0.8148148148148148,0.7825476992143657,9,12,100,2,1,600,0.000179,32
2,20240630100950_132f9e5f,0,0.7448636293411255,0.7448636293411255,0.7777777777777778,0.7586125808348031,9,12,100,2,1,600,0.000179,32
3,20240630100950_132f9e5f,0,0.576664388179779,0.576664388179779,0.8148148148148148,0.7954144620811286,9,12,100,2,1,600,0.000179,32
4,20240630100950_132f9e5f,0,0.1383066475391388,0.1383066475391388,0.9259259259259259,0.9234567901234568,9,12,100,2,1,600,0.000179,32
5,20240630100950_132f9e5f,0,0.5468829274177551,0.5468829274177551,0.8148148148148148,0.8192239858906526,9,12,100,2,1,600,0.000179,32
6,20240630100950_132f9e5f,0,0.8451195359230042,0.8451195359230042,0.7777777777777778,0.7739858906525572,9,12,100,2,1,600,0.000179,32
7,20240630100950_132f9e5f,0,0.04342666640877724,0.04342666640877724,1.0,1.0,9,12,100,2,1,600,0.000179,32
8,20240630100950_132f9e5f,0,0.8655163645744324,0.8655163645744324,0.8518518518518519,0.8482603815937149,9,12,100,2,1,600,0.000179,32
9,20240630100950_132f9e5f,0,0.42365723848342896,0.42365723848342896,0.9629629629629629,0.964021164021164,9,12,100,2,1,600,0.000179,32
Average,20240630100950_132f9e5f,0,0.5608477298170328,0.5608477298170328,0.8518518518518519,0.8451149056704612,9,12,100,2,1,600,0.000179,32
0,20240630100950_132f9e5f,1,0.039126626008914575,0.5784566171157726,0.8783783783783784,0.8796788149418883,9,12,100,2,1,600,0.000179,32
0,20240630100950_132f9e5f,1,0.08469119688702954,0.5915532722477629,0.8648648648648649,0.8664113829448463,9,12,100,2,1,600,0.000179,32
0,20240630102114_45a2feaa,0,0.44265446066856384,0.44265446066856384,0.8518518518518519,0.8433782267115602,9,12,100,2,1,600,0.000181,32
1,20240630102114_45a2feaa,0,0.8112890720367432,0.8112890720367432,0.8518518518518519,0.8475308641975308,9,12,100,2,1,600,0.000181,32
2,20240630102114_45a2feaa,0,0.2498977780342102,0.2498977780342102,0.8888888888888888,0.8808722142055475,9,12,100,2,1,600,0.000181,32
3,20240630102114_45a2feaa,0,0.7633227109909058,0.7633227109909058,0.7777777777777778,0.7575091575091575,9,12,100,2,1,600,0.000181,32
4,20240630102114_45a2feaa,0,0.26546767354011536,0.26546767354011536,0.8888888888888888,0.891967291967292,9,12,100,2,1,600,0.000181,32
5,20240630102114_45a2feaa,0,0.5746752619743347,0.5746752619743347,0.8148148148148148,0.836326225215114,9,12,100,2,1,600,0.000181,32
6,20240630102114_45a2feaa,0,0.43576779961586,0.43576779961586,0.8518518518518519,0.8718106995884775,9,12,100,2,1,600,0.000181,32
7,20240630102114_45a2feaa,0,0.595024585723877,0.595024585723877,0.8518518518518519,0.8383597883597884,9,12,100,2,1,600,0.000181,32
8,20240630102114_45a2feaa,0,0.7541459202766418,0.7541459202766418,0.8518518518518519,0.8415637860082306,9,12,100,2,1,600,0.000181,32
9,20240630102114_45a2feaa,0,0.8109543323516846,0.8109543323516846,0.7407407407407407,0.7839506172839505,9,12,100,2,1,600,0.000181,32
Average,20240630102114_45a2feaa,0,0.5703199595212937,0.5703199595212937,0.837037037037037,0.8393268871046649,9,12,100,2,1,600,0.000181,32
0,20240630102114_45a2feaa,1,0.09159907615847057,0.5340149279656233,0.8378378378378378,0.8383624016757774,9,12,100,2,1,600,0.000181,32
0,20240630103420_72bae4e8,0,0.5227221846580505,0.5227221846580505,0.8518518518518519,0.8701940035273368,9,12,100,2,1,600,0.0001795,32
1,20240630103420_72bae4e8,0,0.10181794315576553,0.10181794315576553,0.9259259259259259,0.9277777777777777,9,12,100,2,1,600,0.0001795,32
2,20240630103420_72bae4e8,0,0.8302342295646667,0.8302342295646667,0.8148148148148148,0.8334961334961335,9,12,100,2,1,600,0.0001795,32
3,20240630103420_72bae4e8,0,0.946651816368103,0.946651816368103,0.7777777777777778,0.7778953556731335,9,12,100,2,1,600,0.0001795,32
4,20240630103420_72bae4e8,0,0.6272838115692139,0.6272838115692139,0.8148148148148148,0.8166960611405055,9,12,100,2,1,600,0.0001795,32
5,20240630103420_72bae4e8,0,0.21956457197666168,0.21956457197666168,0.9629629629629629,0.9619047619047619,9,12,100,2,1,600,0.0001795,32
6,20240630103420_72bae4e8,0,0.41888001561164856,0.41888001561164856,0.8148148148148148,0.8241622574955909,9,12,100,2,1,600,0.0001795,32
7,20240630103420_72bae4e8,0,0.8710274696350098,0.8710274696350098,0.7777777777777778,0.801058201058201,9,12,100,2,1,600,0.0001795,32
8,20240630103420_72bae4e8,0,0.8940790891647339,0.8940790891647339,0.7777777777777778,0.7746913580246912,9,12,100,2,1,600,0.0001795,32
9,20240630103420_72bae4e8,0,0.5968061089515686,0.5968061089515686,0.8518518518518519,0.8708112874779542,9,12,100,2,1,600,0.0001795,32
Average,20240630103420_72bae4e8,0,0.6029067240655422,0.6029067240655422,0.837037037037037,0.8458687197576087,9,12,100,2,1,600,0.0001795,32
0,20240630103420_72bae4e8,1,0.031774095777008265,0.5857664143275124,0.8621621621621622,0.8631698828219974,9,12,100,2,1,600,0.0001795,32
0,20240630105137_fef54d34,0,0.5699756741523743,0.5699756741523743,0.8518518518518519,0.858810325476992,9,12,120,2,1,600,0.000179,32
1,20240630105137_fef54d34,0,0.6309933662414551,0.6309933662414551,0.8148148148148148,0.7964545742323521,9,12,120,2,1,600,0.000179,32
2,20240630105137_fef54d34,0,0.7939246296882629,0.7939246296882629,0.8518518518518519,0.8508230452674896,9,12,120,2,1,600,0.000179,32
3,20240630105137_fef54d34,0,0.890221118927002,0.890221118927002,0.8148148148148148,0.817283950617284,9,12,120,2,1,600,0.000179,32
4,20240630105137_fef54d34,0,0.397392213344574,0.397392213344574,0.8518518518518519,0.8491903158569826,9,12,120,2,1,600,0.000179,32
5,20240630105137_fef54d34,0,0.46614089608192444,0.46614089608192444,0.8148148148148148,0.8444444444444443,9,12,120,2,1,600,0.000179,32
6,20240630105137_fef54d34,0,0.439680278301239,0.439680278301239,0.9259259259259259,0.9074074074074074,9,12,120,2,1,600,0.000179,32
7,20240630105137_fef54d34,0,0.6092841029167175,0.6092841029167175,0.8518518518518519,0.8514109347442681,9,12,120,2,1,600,0.000179,32
8,20240630105137_fef54d34,0,0.26979902386665344,0.26979902386665344,0.9629629629629629,0.9629629629629629,9,12,120,2,1,600,0.000179,32
9,20240630105137_fef54d34,0,0.3170166313648224,0.3170166313648224,0.8518518518518519,0.83994708994709,9,12,120,2,1,600,0.000179,32
Average,20240630105137_fef54d34,0,0.5384427934885025,0.5384427934885025,0.8592592592592592,0.8578735050957272,9,12,120,2,1,600,0.000179,32
0,20240630110154_89cf1397,0,0.3234002888202667,0.3234002888202667,0.8518518518518519,0.8701940035273368,9,12,150,2,1,600,0.000179,32
1,20240630110154_89cf1397,0,0.783234715461731,0.783234715461731,0.7777777777777778,0.7880364491475602,9,12,150,2,1,600,0.000179,32
2,20240630110154_89cf1397,0,0.9453315734863281,0.9453315734863281,0.8518518518518519,0.8550264550264549,9,12,150,2,1,600,0.000179,32
3,20240630110154_89cf1397,0,0.1601879894733429,0.1601879894733429,0.9259259259259259,0.9209956709956709,9,12,150,2,1,600,0.000179,32
4,20240630110154_89cf1397,0,0.5457174777984619,0.5457174777984619,0.8518518518518519,0.8443054887499332,9,12,150,2,1,600,0.000179,32
5,20240630110154_89cf1397,0,0.8648280501365662,0.8648280501365662,0.7777777777777778,0.7732884399551067,9,12,150,2,1,600,0.000179,32
6,20240630110154_89cf1397,0,0.06974228471517563,0.06974228471517563,0.9629629629629629,0.9646090534979423,9,12,150,2,1,600,0.000179,32
7,20240630110154_89cf1397,0,0.08782213181257248,0.08782213181257248,0.9259259259259259,0.9111111111111112,9,12,150,2,1,600,0.000179,32
8,20240630110154_89cf1397,0,0.9271714091300964,0.9271714091300964,0.7777777777777778,0.8016754850088184,9,12,150,2,1,600,0.000179,32
9,20240630110154_89cf1397,0,0.6749657988548279,0.6749657988548279,0.8518518518518519,0.8245443856554968,9,12,150,2,1,600,0.000179,32
Average,20240630110154_89cf1397,0,0.5382401719689369,0.5382401719689369,0.8555555555555555,0.855378654267543,9,12,150,2,1,600,0.000179,32
0,20240630111650_fc631481,0,0.4054395258426666,0.4054395258426666,0.8888888888888888,0.8864197530864197,9,12,150,2,1,600,0.000179,32
1,20240630111650_fc631481,0,0.9603347182273865,0.9603347182273865,0.7037037037037037,0.7127197904975683,9,12,150,2,1,600,0.000179,32
2,20240630111650_fc631481,0,0.5537539720535278,0.5537539720535278,0.8888888888888888,0.8899470899470899,9,12,150,2,1,600,0.000179,32
3,20240630111650_fc631481,0,0.36087968945503235,0.36087968945503235,0.8518518518518519,0.8174603174603176,9,12,150,2,1,600,0.000179,32
4,20240630111650_fc631481,0,0.1990000456571579,0.1990000456571579,0.9259259259259259,0.9263962375073485,9,12,150,2,1,600,0.000179,32
5,20240630111650_fc631481,0,0.7781952619552612,0.7781952619552612,0.7407407407407407,0.7465020576131687,9,12,150,2,1,600,0.000179,32
6,20240630111650_fc631481,0,0.3818773329257965,0.3818773329257965,0.8888888888888888,0.8930335097001764,9,12,150,2,1,600,0.000179,32
7,20240630111650_fc631481,0,0.42243874073028564,0.42243874073028564,0.8888888888888888,0.8691358024691359,9,12,150,2,1,600,0.000179,32
8,20240630111650_fc631481,0,1.3885334730148315,1.3885334730148315,0.8148148148148148,0.815622032288699,9,12,150,2,1,600,0.000179,32
9,20240630111650_fc631481,0,0.5783671140670776,0.5783671140670776,0.8148148148148148,0.8014991181657848,9,12,150,2,1,600,0.000179,32
Average,20240630111650_fc631481,0,0.6028819873929023,0.6028819873929023,0.8407407407407407,0.835873570873571,9,12,150,2,1,600,0.000179,32
0,20240630112736_2e5987fe,0,0.4957238435745239,0.4957238435745239,0.8888888888888888,0.8864197530864197,9,12,150,2,1,600,0.000179,32
1,20240630112736_2e5987fe,0,0.6599993705749512,0.6599993705749512,0.8518518518518519,0.8686868686868686,9,12,150,2,1,600,0.000179,32
2,20240630112736_2e5987fe,0,0.6802375316619873,0.6802375316619873,0.8518518518518519,0.8433862433862435,9,12,150,2,1,600,0.000179,32
3,20240630112736_2e5987fe,0,0.40016117691993713,0.40016117691993713,0.8888888888888888,0.8774250440917108,9,12,150,2,1,600,0.000179,32
4,20240630112736_2e5987fe,0,0.8283740282058716,0.8283740282058716,0.7407407407407407,0.743658810325477,9,12,150,2,1,600,0.000179,32
5,20240630112736_2e5987fe,0,0.6353741884231567,0.6353741884231567,0.7777777777777778,0.7796055796055795,9,12,150,2,1,600,0.000179,32
6,20240630112736_2e5987fe,0,0.01659192517399788,0.01659192517399788,0.9629629629629629,0.9646090534979423,9,12,150,2,1,600,0.000179,32
7,20240630112736_2e5987fe,0,0.6451759338378906,0.6451759338378906,0.7777777777777778,0.7876543209876543,9,12,150,2,1,600,0.000179,32
8,20240630112736_2e5987fe,0,1.067636489868164,1.067636489868164,0.7037037037037037,0.7183341350008016,9,12,150,2,1,600,0.000179,32
9,20240630112736_2e5987fe,0,0.7164546251296997,0.7164546251296997,0.7777777777777778,0.7629629629629628,9,12,150,2,1,600,0.000179,32
Average,20240630112736_2e5987fe,0,0.614572911337018,0.614572911337018,0.8222222222222223,0.823274277163166,9,12,150,2,1,600,0.000179,32
<<<<<<< HEAD
0,20240630114745_29db1101,0,0.4105236530303955,0.4105236530303955,0.8518518518518519,0.8566001899335233,9,12,90,2,1,600,0.000179,32
1,20240630114745_29db1101,0,0.5349310040473938,0.5349310040473938,0.8888888888888888,0.8841405508072175,9,12,90,2,1,600,0.000179,32
2,20240630114745_29db1101,0,0.9398057460784912,0.9398057460784912,0.8518518518518519,0.8419753086419753,9,12,90,2,1,600,0.000179,32
3,20240630114745_29db1101,0,0.8733173608779907,0.8733173608779907,0.7407407407407407,0.7370370370370369,9,12,90,2,1,600,0.000179,32
4,20240630114745_29db1101,0,0.25075221061706543,0.25075221061706543,0.8888888888888888,0.876984126984127,9,12,90,2,1,600,0.000179,32
5,20240630114745_29db1101,0,0.4458528757095337,0.4458528757095337,0.8518518518518519,0.8553497942386832,9,12,90,2,1,600,0.000179,32
6,20240630114745_29db1101,0,0.16790473461151123,0.16790473461151123,0.8888888888888888,0.8893592004703116,9,12,90,2,1,600,0.000179,32
7,20240630114745_29db1101,0,0.2526995539665222,0.2526995539665222,0.8888888888888888,0.884987440542996,9,12,90,2,1,600,0.000179,32
8,20240630114745_29db1101,0,1.0825979709625244,1.0825979709625244,0.8148148148148148,0.8130511463844797,9,12,90,2,1,600,0.000179,32
9,20240630114745_29db1101,0,0.2309921383857727,0.2309921383857727,0.8518518518518519,0.8407407407407407,9,12,90,2,1,600,0.000179,32
Average,20240630114745_29db1101,0,0.5189377248287201,0.5189377248287201,0.8518518518518517,0.8480225535781092,9,12,90,2,1,600,0.000179,32
0,20240630115325_11504d71,0,0.47462597489356995,0.47462597489356995,0.8518518518518519,0.8524849635960747,9,12,90,2,1,600,0.000179,32
1,20240630115325_11504d71,0,0.5920774340629578,0.5920774340629578,0.8148148148148148,0.8100664767331435,9,12,90,2,1,600,0.000179,32
2,20240630115325_11504d71,0,1.018889307975769,1.018889307975769,0.7777777777777778,0.7546095879429212,9,12,90,2,1,600,0.000179,32
3,20240630115325_11504d71,0,0.5425335764884949,0.5425335764884949,0.8518518518518519,0.8491475602586712,9,12,90,2,1,600,0.000179,32
4,20240630115325_11504d71,0,0.5969955325126648,0.5969955325126648,0.7777777777777778,0.7717813051146385,9,12,90,2,1,600,0.000179,32
5,20240630115325_11504d71,0,0.6268447637557983,0.6268447637557983,0.7407407407407407,0.7308641975308642,9,12,90,2,1,600,0.000179,32
6,20240630115325_11504d71,0,0.4333166182041168,0.4333166182041168,0.8518518518518519,0.8450911228689008,9,12,90,2,1,600,0.000179,32
7,20240630115325_11504d71,0,0.44977861642837524,0.44977861642837524,0.8888888888888888,0.8935920047031158,9,12,90,2,1,600,0.000179,32
8,20240630115325_11504d71,0,0.3892127573490143,0.3892127573490143,0.8518518518518519,0.855379188712522,9,12,90,2,1,600,0.000179,32
9,20240630115325_11504d71,0,1.1494932174682617,1.1494932174682617,0.6296296296296297,0.5958259847148736,9,12,90,2,1,600,0.000179,32
Average,20240630115325_11504d71,0,0.6273767799139023,0.6273767799139023,0.8037037037037036,0.7958842392175726,9,12,90,2,1,600,0.000179,32
0,20240630120153_c4dd4907,0,0.7389007210731506,0.7389007210731506,0.7777777777777778,0.8043209876543209,9,12,100,2,1,600,0.000179,50
1,20240630120153_c4dd4907,0,0.3227103650569916,0.3227103650569916,0.9259259259259259,0.9261158594491928,9,12,100,2,1,600,0.000179,50
2,20240630120153_c4dd4907,0,0.736750066280365,0.736750066280365,0.7407407407407407,0.7084656084656084,9,12,100,2,1,600,0.000179,50
3,20240630120153_c4dd4907,0,0.3961421251296997,0.3961421251296997,0.8518518518518519,0.867283950617284,9,12,100,2,1,600,0.000179,50
4,20240630120153_c4dd4907,0,0.6840065121650696,0.6840065121650696,0.7777777777777778,0.7536743092298648,9,12,100,2,1,600,0.000179,50
5,20240630120153_c4dd4907,0,0.10960135608911514,0.10960135608911514,0.9629629629629629,0.9670781893004117,9,12,100,2,1,600,0.000179,50
6,20240630120153_c4dd4907,0,0.20415626466274261,0.20415626466274261,0.9629629629629629,0.9604938271604937,9,12,100,2,1,600,0.000179,50
7,20240630120153_c4dd4907,0,0.2853265404701233,0.2853265404701233,0.9259259259259259,0.9218106995884773,9,12,100,2,1,600,0.000179,50
8,20240630120153_c4dd4907,0,0.7799432277679443,0.7799432277679443,0.8148148148148148,0.8155278272925331,9,12,100,2,1,600,0.000179,50
9,20240630120153_c4dd4907,0,0.4118841290473938,0.4118841290473938,0.8888888888888888,0.9046657046657045,9,12,100,2,1,600,0.000179,50
Average,20240630120153_c4dd4907,0,0.46694213077425956,0.46694213077425956,0.8629629629629629,0.8629436963423892,9,12,100,2,1,600,0.000179,50
0,20240630120859_2d68849c,0,1.0785539150238037,1.0785539150238037,0.7407407407407407,0.7275132275132274,9,12,100,2,1,600,0.000179,50
1,20240630120859_2d68849c,0,0.49268701672554016,0.49268701672554016,0.8518518518518519,0.8651595318261984,9,12,100,2,1,600,0.000179,50
2,20240630120859_2d68849c,0,0.9468503594398499,0.9468503594398499,0.7037037037037037,0.6887125220458553,9,12,100,2,1,600,0.000179,50
3,20240630120859_2d68849c,0,0.2168608456850052,0.2168608456850052,0.9259259259259259,0.9160493827160494,9,12,100,2,1,600,0.000179,50
4,20240630120859_2d68849c,0,0.8554382920265198,0.8554382920265198,0.7037037037037037,0.7042328042328042,9,12,100,2,1,600,0.000179,50
5,20240630120859_2d68849c,0,0.021511545404791832,0.021511545404791832,1.0,1.0,9,12,100,2,1,600,0.000179,50
6,20240630120859_2d68849c,0,0.7289078831672668,0.7289078831672668,0.7777777777777778,0.7701058201058201,9,12,100,2,1,600,0.000179,50
7,20240630120859_2d68849c,0,0.17270728945732117,0.17270728945732117,0.9259259259259259,0.9234567901234568,9,12,100,2,1,600,0.000179,50
8,20240630120859_2d68849c,0,0.8335774540901184,0.8335774540901184,0.7777777777777778,0.7554829339143064,9,12,100,2,1,600,0.000179,50
9,20240630120859_2d68849c,0,0.6885285973548889,0.6885285973548889,0.8148148148148148,0.8430335097001763,9,12,100,2,1,600,0.000179,50
Average,20240630120859_2d68849c,0,0.6035623198375106,0.6035623198375106,0.8222222222222222,0.8193746522177895,9,12,100,2,1,600,0.000179,50
0,20240630122438_a1de6544,0,0.8909010291099548,0.8909010291099548,0.7777777777777778,0.7780583613916946,9,12,100,2,1,600,0.000179,64
1,20240630122438_a1de6544,0,0.8558379411697388,0.8558379411697388,0.7777777777777778,0.7783148949815617,9,12,100,2,1,600,0.000179,64
2,20240630122438_a1de6544,0,0.11677057296037674,0.11677057296037674,1.0,1.0,9,12,100,2,1,600,0.000179,64
3,20240630122438_a1de6544,0,0.35066571831703186,0.35066571831703186,0.8888888888888888,0.879188712522046,9,12,100,2,1,600,0.000179,64
4,20240630122438_a1de6544,0,0.4728347659111023,0.4728347659111023,0.8888888888888888,0.892416225749559,9,12,100,2,1,600,0.000179,64
5,20240630122438_a1de6544,0,0.2762135863304138,0.2762135863304138,0.8518518518518519,0.8368606701940036,9,12,100,2,1,600,0.000179,64
6,20240630122438_a1de6544,0,0.31282249093055725,0.31282249093055725,0.8888888888888888,0.8857142857142857,9,12,100,2,1,600,0.000179,64
7,20240630122438_a1de6544,0,0.4300999045372009,0.4300999045372009,0.8888888888888888,0.8888888888888887,9,12,100,2,1,600,0.000179,64
8,20240630122438_a1de6544,0,1.5635193586349487,1.5635193586349487,0.7037037037037037,0.6995884773662552,9,12,100,2,1,600,0.000179,64
9,20240630122438_a1de6544,0,0.4563577175140381,0.4563577175140381,0.8148148148148148,0.8155202821869488,9,12,100,2,1,600,0.000179,64
Average,20240630122438_a1de6544,0,0.5726023085415364,0.5726023085415364,0.8481481481481481,0.8454550798995243,9,12,100,2,1,600,0.000179,64
0,20240630123146_7cd6de13,0,0.6697646975517273,0.6697646975517273,0.8148148148148148,0.817636684303351,9,12,100,2,1,600,0.000179,64
1,20240630123146_7cd6de13,0,0.7426929473876953,0.7426929473876953,0.7777777777777778,0.782010582010582,9,12,100,2,1,600,0.000179,64
2,20240630123146_7cd6de13,0,0.27970415353775024,0.27970415353775024,0.9629629629629629,0.9588477366255144,9,12,100,2,1,600,0.000179,64
3,20240630123146_7cd6de13,0,0.5599942207336426,0.5599942207336426,0.8518518518518519,0.8446208112874779,9,12,100,2,1,600,0.000179,64
4,20240630123146_7cd6de13,0,0.4807153046131134,0.4807153046131134,0.8518518518518519,0.8573245684356794,9,12,100,2,1,600,0.000179,64
5,20240630123146_7cd6de13,0,0.36359068751335144,0.36359068751335144,0.7777777777777778,0.7826519159852494,9,12,100,2,1,600,0.000179,64
6,20240630123146_7cd6de13,0,0.673540472984314,0.673540472984314,0.9259259259259259,0.8977072310405642,9,12,100,2,1,600,0.000179,64
7,20240630123146_7cd6de13,0,0.061675507575273514,0.061675507575273514,0.9259259259259259,0.9320613542835764,9,12,100,2,1,600,0.000179,64
8,20240630123146_7cd6de13,0,1.454126238822937,1.454126238822937,0.5555555555555556,0.5675485008818342,9,12,100,2,1,600,0.000179,64
9,20240630123146_7cd6de13,0,0.2681651711463928,0.2681651711463928,0.8888888888888888,0.8979423868312757,9,12,100,2,1,600,0.000179,64
Average,20240630123146_7cd6de13,0,0.5553969401866198,0.5553969401866198,0.8333333333333334,0.8338351771685104,9,12,100,2,1,600,0.000179,64
0,20240630123146_7cd6de13,1,0.14865465983748435,0.798518892319252,0.8216216216216217,0.8242683182186509,9,12,100,2,1,600,0.000179,64
0,20240630124007_34fde240,0,0.6095203757286072,0.6095203757286072,0.7407407407407407,0.7250681417348085,9,12,100,2,1,600,0.000179,128
1,20240630124007_34fde240,0,0.30832555890083313,0.30832555890083313,0.9259259259259259,0.9142133586578031,9,12,100,2,1,600,0.000179,128
2,20240630124007_34fde240,0,0.5035111904144287,0.5035111904144287,0.9259259259259259,0.9244187910854578,9,12,100,2,1,600,0.000179,128
3,20240630124007_34fde240,0,0.641442060470581,0.641442060470581,0.7777777777777778,0.7654320987654322,9,12,100,2,1,600,0.000179,128
4,20240630124007_34fde240,0,0.13373678922653198,0.13373678922653198,0.9629629629629629,0.9629629629629629,9,12,100,2,1,600,0.000179,128
5,20240630124007_34fde240,0,0.8272442817687988,0.8272442817687988,0.8148148148148148,0.8029341029341028,9,12,100,2,1,600,0.000179,128
6,20240630124007_34fde240,0,0.8875426650047302,0.8875426650047302,0.7777777777777778,0.7727807172251616,9,12,100,2,1,600,0.000179,128
7,20240630124007_34fde240,0,1.2959226369857788,1.2959226369857788,0.7407407407407407,0.7520870076425632,9,12,100,2,1,600,0.000179,128
8,20240630124007_34fde240,0,0.40275344252586365,0.40275344252586365,0.8518518518518519,0.8510288065843622,9,12,100,2,1,600,0.000179,128
9,20240630124007_34fde240,0,0.6408409476280212,0.6408409476280212,0.7407407407407407,0.737897493453049,9,12,100,2,1,600,0.000179,128
Average,20240630124007_34fde240,0,0.6250839948654174,0.6250839948654174,0.825925925925926,0.8208823481045704,9,12,100,2,1,600,0.000179,128
0,20240630124729_702b8f58,0,0.7784857153892517,0.7784857153892517,0.8148148148148148,0.7891975308641975,9,12,100,2,1,600,0.000179,128
1,20240630124729_702b8f58,0,0.36918285489082336,0.36918285489082336,0.9259259259259259,0.9142133586578031,9,12,100,2,1,600,0.000179,128
2,20240630124729_702b8f58,0,0.4116785526275635,0.4116785526275635,0.8888888888888888,0.8898508898508898,9,12,100,2,1,600,0.000179,128
3,20240630124729_702b8f58,0,0.7245579957962036,0.7245579957962036,0.8518518518518519,0.8310405643738976,9,12,100,2,1,600,0.000179,128
4,20240630124729_702b8f58,0,0.25730183720588684,0.25730183720588684,0.8888888888888888,0.8887260887260887,9,12,100,2,1,600,0.000179,128
5,20240630124729_702b8f58,0,0.7192681431770325,0.7192681431770325,0.8518518518518519,0.8386243386243386,9,12,100,2,1,600,0.000179,128
6,20240630124729_702b8f58,0,0.5645606517791748,0.5645606517791748,0.8518518518518519,0.870840681951793,9,12,100,2,1,600,0.000179,128
7,20240630124729_702b8f58,0,0.2656371593475342,0.2656371593475342,0.9259259259259259,0.9275720164609054,9,12,100,2,1,600,0.000179,128
8,20240630124729_702b8f58,0,0.22493191063404083,0.22493191063404083,0.9259259259259259,0.9259259259259259,9,12,100,2,1,600,0.000179,128
9,20240630124729_702b8f58,0,0.9585168361663818,0.9585168361663818,0.8148148148148148,0.828550050772273,9,12,100,2,1,600,0.000179,128
Average,20240630124729_702b8f58,0,0.5274121657013893,0.5274121657013893,0.874074074074074,0.8704541446208113,9,12,100,2,1,600,0.000179,128
0,20240630125632_327c9dca,0,0.35825687646865845,0.35825687646865845,0.9259259259259259,0.9390946502057612,9,12,100,2,1,600,0.000179,18
1,20240630125632_327c9dca,0,0.8884769082069397,0.8884769082069397,0.7407407407407407,0.7123456790123456,9,12,100,2,1,600,0.000179,18
2,20240630125632_327c9dca,0,0.8290549516677856,0.8290549516677856,0.7777777777777778,0.7594356261022929,9,12,100,2,1,600,0.000179,18
3,20240630125632_327c9dca,0,1.0256294012069702,1.0256294012069702,0.7777777777777778,0.7971781305114639,9,12,100,2,1,600,0.000179,18
4,20240630125632_327c9dca,0,0.31262701749801636,0.31262701749801636,0.8888888888888888,0.8873389984501096,9,12,100,2,1,600,0.000179,18
5,20240630125632_327c9dca,0,0.7568331360816956,0.7568331360816956,0.7407407407407407,0.764916564916565,9,12,100,2,1,600,0.000179,18
6,20240630125632_327c9dca,0,0.827224612236023,0.827224612236023,0.7777777777777778,0.802469135802469,9,12,100,2,1,600,0.000179,18
7,20240630125632_327c9dca,0,0.5649675130844116,0.5649675130844116,0.8148148148148148,0.8184891240446796,9,12,100,2,1,600,0.000179,18
8,20240630125632_327c9dca,0,0.5780219435691833,0.5780219435691833,0.7777777777777778,0.7666666666666666,9,12,100,2,1,600,0.000179,18
9,20240630125632_327c9dca,0,0.6483861207962036,0.6483861207962036,0.9259259259259259,0.9279461279461279,9,12,100,2,1,600,0.000179,18
Average,20240630125632_327c9dca,0,0.6789478480815887,0.6789478480815887,0.8148148148148149,0.8175880703658482,9,12,100,2,1,600,0.000179,18
0,20240630130326_b0970d45,0,0.11192674934864044,0.11192674934864044,0.9629629629629629,0.9797979797979798,9,12,100,2,1,600,0.000179,18
1,20240630130326_b0970d45,0,0.7853289246559143,0.7853289246559143,0.7037037037037037,0.7037037037037037,9,12,100,2,1,600,0.000179,18
2,20240630130326_b0970d45,0,0.9435498118400574,0.9435498118400574,0.8148148148148148,0.8130511463844797,9,12,100,2,1,600,0.000179,18
3,20240630130326_b0970d45,0,0.4324534237384796,0.4324534237384796,0.8148148148148148,0.8352787130564908,9,12,100,2,1,600,0.000179,18
4,20240630130326_b0970d45,0,0.33383968472480774,0.33383968472480774,0.8518518518518519,0.8342686120463898,9,12,100,2,1,600,0.000179,18
5,20240630130326_b0970d45,0,0.5815236568450928,0.5815236568450928,0.8518518518518519,0.8666666666666666,9,12,100,2,1,600,0.000179,18
6,20240630130326_b0970d45,0,1.1292816400527954,1.1292816400527954,0.8148148148148148,0.8045935545935546,9,12,100,2,1,600,0.000179,18
7,20240630130326_b0970d45,0,0.8113856315612793,0.8113856315612793,0.8148148148148148,0.8261984928651596,9,12,100,2,1,600,0.000179,18
8,20240630130326_b0970d45,0,0.03874087333679199,0.03874087333679199,1.0,1.0,9,12,100,2,1,600,0.000179,18
9,20240630130326_b0970d45,0,0.5364730358123779,0.5364730358123779,0.8888888888888888,0.8873817540484207,9,12,100,2,1,600,0.000179,18
Average,20240630130326_b0970d45,0,0.5704503431916237,0.5704503431916237,0.8518518518518517,0.8550940623162846,9,12,100,2,1,600,0.000179,18
0,20240630131212_2869e368,0,0.35656216740608215,0.35656216740608215,0.8888888888888888,0.8896825396825397,9,12,100,2,1,600,0.0005,32
1,20240630131212_2869e368,0,0.4294712245464325,0.4294712245464325,0.8518518518518519,0.8656084656084657,9,12,100,2,1,600,0.0005,32
2,20240630131212_2869e368,0,0.7225287556648254,0.7225287556648254,0.8148148148148148,0.8607154162709718,9,12,100,2,1,600,0.0005,32
3,20240630131212_2869e368,0,0.4211137294769287,0.4211137294769287,0.8518518518518519,0.8524691358024692,9,12,100,2,1,600,0.0005,32
4,20240630131212_2869e368,0,0.7029783725738525,0.7029783725738525,0.7777777777777778,0.7522792022792023,9,12,100,2,1,600,0.0005,32
5,20240630131212_2869e368,0,0.8429077863693237,0.8429077863693237,0.8148148148148148,0.8514029180695848,9,12,100,2,1,600,0.0005,32
6,20240630131212_2869e368,0,0.1842242032289505,0.1842242032289505,0.9629629629629629,0.9674523007856342,9,12,100,2,1,600,0.0005,32
7,20240630131212_2869e368,0,0.7031727433204651,0.7031727433204651,0.8518518518518519,0.8507295173961841,9,12,100,2,1,600,0.0005,32
8,20240630131212_2869e368,0,0.17148558795452118,0.17148558795452118,0.8888888888888888,0.8882047993159103,9,12,100,2,1,600,0.0005,32
9,20240630131212_2869e368,0,0.27720391750335693,0.27720391750335693,0.8888888888888888,0.8740740740740741,9,12,100,2,1,600,0.0005,32
Average,20240630131212_2869e368,0,0.48116484880447385,0.48116484880447385,0.8592592592592594,0.8652618369285037,9,12,100,2,1,600,0.0005,32
0,20240630131929_f3fee777,0,0.6160651445388794,0.6160651445388794,0.8518518518518519,0.8486772486772486,9,12,100,2,1,600,0.0005,32
1,20240630131929_f3fee777,0,0.6639083027839661,0.6639083027839661,0.7407407407407407,0.7765974765974767,9,12,100,2,1,600,0.0005,32
2,20240630131929_f3fee777,0,0.21488246321678162,0.21488246321678162,0.8518518518518519,0.8617283950617284,9,12,100,2,1,600,0.0005,32
3,20240630131929_f3fee777,0,0.29335257411003113,0.29335257411003113,0.8518518518518519,0.8502645502645502,9,12,100,2,1,600,0.0005,32
4,20240630131929_f3fee777,0,0.7936587929725647,0.7936587929725647,0.7777777777777778,0.8022927689594357,9,12,100,2,1,600,0.0005,32
5,20240630131929_f3fee777,0,0.7695752382278442,0.7695752382278442,0.8148148148148148,0.8332210998877665,9,12,100,2,1,600,0.0005,32
6,20240630131929_f3fee777,0,0.23092232644557953,0.23092232644557953,0.8888888888888888,0.9006734006734006,9,12,100,2,1,600,0.0005,32
7,20240630131929_f3fee777,0,0.9875470399856567,0.9875470399856567,0.7777777777777778,0.7919594808483699,9,12,100,2,1,600,0.0005,32
8,20240630131929_f3fee777,0,0.9708859920501709,0.9708859920501709,0.8148148148148148,0.8222222222222223,9,12,100,2,1,600,0.0005,32
9,20240630131929_f3fee777,0,0.19832207262516022,0.19832207262516022,0.9259259259259259,0.9259259259259259,9,12,100,2,1,600,0.0005,32
Average,20240630131929_f3fee777,0,0.5739119946956635,0.5739119946956635,0.8296296296296296,0.8413562569118124,9,12,100,2,1,600,0.0005,32
0,20240630132740_3b919653,0,0.28250381350517273,0.28250381350517273,0.9259259259259259,0.9135802469135803,9,12,100,2,1,600,0.0004,32
1,20240630132740_3b919653,0,0.09318093955516815,0.09318093955516815,0.9259259259259259,0.930415263748597,9,12,100,2,1,600,0.0004,32
2,20240630132740_3b919653,0,0.30573880672454834,0.30573880672454834,0.8888888888888888,0.8588851477740368,9,12,100,2,1,600,0.0004,32
3,20240630132740_3b919653,0,1.0192241668701172,1.0192241668701172,0.7407407407407407,0.7418577307466196,9,12,100,2,1,600,0.0004,32
4,20240630132740_3b919653,0,0.5716707706451416,0.5716707706451416,0.8148148148148148,0.8169312169312168,9,12,100,2,1,600,0.0004,32
5,20240630132740_3b919653,0,0.02868417464196682,0.02868417464196682,1.0,1.0,9,12,100,2,1,600,0.0004,32
6,20240630132740_3b919653,0,0.002327331807464361,0.002327331807464361,1.0,1.0,9,12,100,2,1,600,0.0004,32
7,20240630132740_3b919653,0,0.7992931008338928,0.7992931008338928,0.8518518518518519,0.8549943883277216,9,12,100,2,1,600,0.0004,32
8,20240630132740_3b919653,0,0.28771770000457764,0.28771770000457764,0.8888888888888888,0.8818342151675483,9,12,100,2,1,600,0.0004,32
9,20240630132740_3b919653,0,0.7463313937187195,0.7463313937187195,0.8888888888888888,0.8927609427609426,9,12,100,2,1,600,0.0004,32
Average,20240630132740_3b919653,0,0.4136672198306769,0.4136672198306769,0.8925925925925927,0.8891259152370263,9,12,100,2,1,600,0.0004,32
0,20240630133455_57cf8cf9,0,0.2283637821674347,0.2283637821674347,0.8888888888888888,0.8871252204585538,9,12,100,2,1,600,0.0004,32
1,20240630133455_57cf8cf9,0,0.07452201098203659,0.07452201098203659,0.9629629629629629,0.9629629629629629,9,12,100,2,1,600,0.0004,32
2,20240630133455_57cf8cf9,0,0.8232142329216003,0.8232142329216003,0.7037037037037037,0.6819304152637485,9,12,100,2,1,600,0.0004,32
3,20240630133455_57cf8cf9,0,1.241854190826416,1.241854190826416,0.7777777777777778,0.775896531452087,9,12,100,2,1,600,0.0004,32
4,20240630133455_57cf8cf9,0,0.7659407258033752,0.7659407258033752,0.7777777777777778,0.7577895355673133,9,12,100,2,1,600,0.0004,32
5,20240630133455_57cf8cf9,0,0.35813021659851074,0.35813021659851074,0.8518518518518519,0.8544599433488322,9,12,100,2,1,600,0.0004,32
6,20240630133455_57cf8cf9,0,0.1002061665058136,0.1002061665058136,0.9259259259259259,0.9259259259259259,9,12,100,2,1,600,0.0004,32
7,20240630133455_57cf8cf9,0,0.5463178157806396,0.5463178157806396,0.8518518518518519,0.8429373096039762,9,12,100,2,1,600,0.0004,32
8,20240630133455_57cf8cf9,0,0.26908886432647705,0.26908886432647705,0.8888888888888888,0.8800705467372134,9,12,100,2,1,600,0.0004,32
9,20240630133455_57cf8cf9,0,0.6229784488677979,0.6229784488677979,0.7777777777777778,0.7805034471701139,9,12,100,2,1,600,0.0004,32
Average,20240630133455_57cf8cf9,0,0.5030616454780101,0.5030616454780101,0.8407407407407408,0.8349601838490728,9,12,100,2,1,600,0.0004,32
=======
<<<<<<< HEAD
0,20240630120950_4f76e67b,0,0.744373619556427,0.744373619556427,0.8148148148148148,0.7962962962962963,9,12,100,2,1,400,0.000179,32
1,20240630120950_4f76e67b,0,0.9547089338302612,0.9547089338302612,0.6666666666666666,0.6396184062850729,9,12,100,2,1,400,0.000179,32
2,20240630120950_4f76e67b,0,0.7430505156517029,0.7430505156517029,0.7777777777777778,0.7767195767195767,9,12,100,2,1,400,0.000179,32
3,20240630120950_4f76e67b,0,0.22564265131950378,0.22564265131950378,0.9259259259259259,0.9145422478755811,9,12,100,2,1,400,0.000179,32
4,20240630120950_4f76e67b,0,0.338754266500473,0.338754266500473,0.9259259259259259,0.9248677248677248,9,12,100,2,1,400,0.000179,32
5,20240630120950_4f76e67b,0,0.40454354882240295,0.40454354882240295,0.8518518518518519,0.8432098765432099,9,12,100,2,1,400,0.000179,32
6,20240630120950_4f76e67b,0,0.9819835424423218,0.9819835424423218,0.7777777777777778,0.7998396665063332,9,12,100,2,1,400,0.000179,32
7,20240630120950_4f76e67b,0,0.6173734068870544,0.6173734068870544,0.8518518518518519,0.8498236331569665,9,12,100,2,1,400,0.000179,32
8,20240630120950_4f76e67b,0,0.18990705907344818,0.18990705907344818,0.8518518518518519,0.8415637860082305,9,12,100,2,1,400,0.000179,32
9,20240630120950_4f76e67b,0,0.4423801302909851,0.4423801302909851,0.8518518518518519,0.8498316498316498,9,12,100,2,1,400,0.000179,32
Average,20240630120950_4f76e67b,0,0.564271767437458,0.564271767437458,0.8296296296296296,0.8236312864090642,9,12,100,2,1,400,0.000179,32
0,20240630121242_e7a06354,0,0.5083487629890442,0.5083487629890442,0.8888888888888888,0.8724279835390947,9,12,100,2,1,400,0.000179,32
1,20240630121242_e7a06354,0,0.9489632844924927,0.9489632844924927,0.6666666666666666,0.6530864197530865,9,12,100,2,1,400,0.000179,32
2,20240630121242_e7a06354,0,0.5955658555030823,0.5955658555030823,0.8148148148148148,0.8238576238576237,9,12,100,2,1,400,0.000179,32
3,20240630121242_e7a06354,0,0.2930683493614197,0.2930683493614197,0.9629629629629629,0.9619047619047619,9,12,100,2,1,400,0.000179,32
4,20240630121242_e7a06354,0,0.7115426659584045,0.7115426659584045,0.8888888888888888,0.8872427983539095,9,12,100,2,1,400,0.000179,32
5,20240630121242_e7a06354,0,0.6029374003410339,0.6029374003410339,0.7037037037037037,0.6759553203997648,9,12,100,2,1,400,0.000179,32
6,20240630121242_e7a06354,0,0.905623733997345,0.905623733997345,0.7777777777777778,0.7868767035433701,9,12,100,2,1,400,0.000179,32
7,20240630121242_e7a06354,0,0.42102178931236267,0.42102178931236267,0.8888888888888888,0.8883009994121105,9,12,100,2,1,400,0.000179,32
8,20240630121242_e7a06354,0,0.3229885399341583,0.3229885399341583,0.8518518518518519,0.8461199294532626,9,12,100,2,1,400,0.000179,32
9,20240630121242_e7a06354,0,0.46042773127555847,0.46042773127555847,0.8888888888888888,0.8882716049382716,9,12,100,2,1,400,0.000179,32
Average,20240630121242_e7a06354,0,0.5770488113164902,0.5770488113164902,0.8333333333333333,0.8284044145155256,9,12,100,2,1,400,0.000179,32
0,20240630122405_0ece5931,0,0.3665960431098938,0.3665960431098938,0.8888888888888888,0.907231040564374,9,12,100,2,1,450,0.000179,32
1,20240630122405_0ece5931,0,0.6271346807479858,0.6271346807479858,0.5925925925925926,0.5501122334455668,9,12,100,2,1,450,0.000179,32
2,20240630122405_0ece5931,0,0.5983226895332336,0.5983226895332336,0.7037037037037037,0.707936507936508,9,12,100,2,1,450,0.000179,32
3,20240630122405_0ece5931,0,0.49822553992271423,0.49822553992271423,0.8148148148148148,0.8112874779541447,9,12,100,2,1,450,0.000179,32
4,20240630122405_0ece5931,0,0.5710617303848267,0.5710617303848267,0.8518518518518519,0.85108759553204,9,12,100,2,1,450,0.000179,32
5,20240630122405_0ece5931,0,0.6032665967941284,0.6032665967941284,0.7777777777777778,0.7742504409171076,9,12,100,2,1,450,0.000179,32
6,20240630122405_0ece5931,0,0.8718371391296387,0.8718371391296387,0.7037037037037037,0.7006172839506172,9,12,100,2,1,450,0.000179,32
7,20240630122405_0ece5931,0,0.7089503407478333,0.7089503407478333,0.7407407407407407,0.7153439153439153,9,12,100,2,1,450,0.000179,32
8,20240630122405_0ece5931,0,0.900259256362915,0.900259256362915,0.5925925925925926,0.6135508524397414,9,12,100,2,1,450,0.000179,32
9,20240630122405_0ece5931,0,0.2668699324131012,0.2668699324131012,0.8518518518518519,0.85335898669232,9,12,100,2,1,450,0.000179,32
Average,20240630122405_0ece5931,0,0.6012523949146271,0.6012523949146271,0.7518518518518519,0.7484776334776335,9,12,100,2,1,450,0.000179,32
0,20240630122716_cbaa5c2c,0,0.46779370307922363,0.46779370307922363,0.8148148148148148,0.8055261610817167,9,12,100,2,1,450,0.000179,32
1,20240630122716_cbaa5c2c,0,0.33240386843681335,0.33240386843681335,0.9259259259259259,0.9286302175191063,9,12,100,2,1,450,0.000179,32
2,20240630122716_cbaa5c2c,0,0.8479350805282593,0.8479350805282593,0.6296296296296297,0.6,9,12,100,2,1,450,0.000179,32
3,20240630122716_cbaa5c2c,0,0.41447263956069946,0.41447263956069946,0.8148148148148148,0.8148148148148148,9,12,100,2,1,450,0.000179,32
4,20240630122716_cbaa5c2c,0,0.25793883204460144,0.25793883204460144,0.9259259259259259,0.928395061728395,9,12,100,2,1,450,0.000179,32
5,20240630122716_cbaa5c2c,0,0.35676711797714233,0.35676711797714233,0.8888888888888888,0.885978835978836,9,12,100,2,1,450,0.000179,32
6,20240630122716_cbaa5c2c,0,0.471172958612442,0.471172958612442,0.8148148148148148,0.8055475388808723,9,12,100,2,1,450,0.000179,32
7,20240630122716_cbaa5c2c,0,0.7745959758758545,0.7745959758758545,0.7407407407407407,0.7395197395197395,9,12,100,2,1,450,0.000179,32
8,20240630122716_cbaa5c2c,0,0.8250064253807068,0.8250064253807068,0.7407407407407407,0.7610817166372722,9,12,100,2,1,450,0.000179,32
9,20240630122716_cbaa5c2c,0,0.3342427909374237,0.3342427909374237,0.8518518518518519,0.8571428571428571,9,12,100,2,1,450,0.000179,32
Average,20240630122716_cbaa5c2c,0,0.5082329392433167,0.5082329392433167,0.8148148148148147,0.8126636943303609,9,12,100,2,1,450,0.000179,32
0,20240630123316_799e3374,0,0.45694756507873535,0.45694756507873535,0.8148148148148148,0.8231628453850677,9,12,100,2,1,500,0.000179,32
1,20240630123316_799e3374,0,0.18120266497135162,0.18120266497135162,0.9259259259259259,0.9199294532627865,9,12,100,2,1,500,0.000179,32
2,20240630123316_799e3374,0,0.6736984252929688,0.6736984252929688,0.8148148148148148,0.8149751483084816,9,12,100,2,1,500,0.000179,32
3,20240630123316_799e3374,0,0.5734126567840576,0.5734126567840576,0.7777777777777778,0.7658617103061549,9,12,100,2,1,500,0.000179,32
4,20240630123316_799e3374,0,0.288991242647171,0.288991242647171,0.8518518518518519,0.8425925925925926,9,12,100,2,1,500,0.000179,32
5,20240630123316_799e3374,0,0.42275482416152954,0.42275482416152954,0.8148148148148148,0.8279835390946503,9,12,100,2,1,500,0.000179,32
6,20240630123316_799e3374,0,0.6227091550827026,0.6227091550827026,0.7777777777777778,0.7409171075837742,9,12,100,2,1,500,0.000179,32
7,20240630123316_799e3374,0,0.6045674085617065,0.6045674085617065,0.7777777777777778,0.7862139917695473,9,12,100,2,1,500,0.000179,32
8,20240630123316_799e3374,0,0.4929482638835907,0.4929482638835907,0.8148148148148148,0.7975308641975308,9,12,100,2,1,500,0.000179,32
9,20240630123316_799e3374,0,0.5191197991371155,0.5191197991371155,0.8888888888888888,0.8830099941211053,9,12,100,2,1,500,0.000179,32
Average,20240630123316_799e3374,0,0.4836352005600929,0.4836352005600929,0.825925925925926,0.8202177246621691,9,12,100,2,1,500,0.000179,32
0,20240630123927_e5ac38d1,0,0.31355375051498413,0.31355375051498413,0.7777777777777778,0.7759259259259259,9,12,100,2,1,350,0.000179,32
1,20240630123927_e5ac38d1,0,0.43209317326545715,0.43209317326545715,0.8888888888888888,0.8897300230633562,9,12,100,2,1,350,0.000179,32
2,20240630123927_e5ac38d1,0,0.814216136932373,0.814216136932373,0.7407407407407407,0.7051146384479717,9,12,100,2,1,350,0.000179,32
3,20240630123927_e5ac38d1,0,0.5530785322189331,0.5530785322189331,0.8518518518518519,0.8477366255144033,9,12,100,2,1,350,0.000179,32
4,20240630123927_e5ac38d1,0,0.321987509727478,0.321987509727478,0.8888888888888888,0.8888888888888888,9,12,100,2,1,350,0.000179,32
5,20240630123927_e5ac38d1,0,0.6737179160118103,0.6737179160118103,0.8148148148148148,0.8209876543209875,9,12,100,2,1,350,0.000179,32
6,20240630123927_e5ac38d1,0,0.3853263854980469,0.3853263854980469,0.8148148148148148,0.7847148736037626,9,12,100,2,1,350,0.000179,32
7,20240630123927_e5ac38d1,0,0.7119815349578857,0.7119815349578857,0.7407407407407407,0.7629629629629628,9,12,100,2,1,350,0.000179,32
8,20240630123927_e5ac38d1,0,1.0097812414169312,1.0097812414169312,0.7037037037037037,0.7006172839506173,9,12,100,2,1,350,0.000179,32
9,20240630123927_e5ac38d1,0,0.8292274475097656,0.8292274475097656,0.7407407407407407,0.7596707818930042,9,12,100,2,1,350,0.000179,32
Average,20240630123927_e5ac38d1,0,0.6044963628053666,0.6044963628053666,0.7962962962962962,0.7936349658571881,9,12,100,2,1,350,0.000179,32
0,20240630124702_cfc4f9fb,0,1.2171798944473267,1.2171798944473267,0.5185185185185185,0.529835390946502,9,12,100,2,1,300,0.000179,32
1,20240630124702_cfc4f9fb,0,0.973669171333313,0.973669171333313,0.8148148148148148,0.8328042328042329,9,12,100,2,1,300,0.000179,32
2,20240630124702_cfc4f9fb,0,0.7467381954193115,0.7467381954193115,0.8148148148148148,0.8134038800705468,9,12,100,2,1,300,0.000179,32
3,20240630124702_cfc4f9fb,0,0.7850659489631653,0.7850659489631653,0.7037037037037037,0.6911228689006466,9,12,100,2,1,300,0.000179,32
4,20240630124702_cfc4f9fb,0,0.381412148475647,0.381412148475647,0.8888888888888888,0.8888888888888888,9,12,100,2,1,300,0.000179,32
5,20240630124702_cfc4f9fb,0,0.5142148733139038,0.5142148733139038,0.8888888888888888,0.8888888888888888,9,12,100,2,1,300,0.000179,32
6,20240630124702_cfc4f9fb,0,0.6435835361480713,0.6435835361480713,0.7777777777777778,0.753968253968254,9,12,100,2,1,300,0.000179,32
7,20240630124702_cfc4f9fb,0,0.8307594060897827,0.8307594060897827,0.7777777777777778,0.764683875794987,9,12,100,2,1,300,0.000179,32
8,20240630124702_cfc4f9fb,0,0.3076905906200409,0.3076905906200409,0.8888888888888888,0.8848404681738015,9,12,100,2,1,300,0.000179,32
9,20240630124702_cfc4f9fb,0,0.5714354515075684,0.5714354515075684,0.8148148148148148,0.7983539094650206,9,12,100,2,1,300,0.000179,32
Average,20240630124702_cfc4f9fb,0,0.697174921631813,0.697174921631813,0.788888888888889,0.7846790657901769,9,12,100,2,1,300,0.000179,32
0,20240630125343_1ddc1aa0,0,1.3537393808364868,1.3537393808364868,0.5555555555555556,0.5370370370370371,9,12,100,2,1,250,0.000179,32
1,20240630125343_1ddc1aa0,0,0.7182655930519104,0.7182655930519104,0.8148148148148148,0.7693121693121694,9,12,100,2,1,250,0.000179,32
2,20240630125343_1ddc1aa0,0,0.8477576375007629,0.8477576375007629,0.8148148148148148,0.8154479265590376,9,12,100,2,1,250,0.000179,32
3,20240630125343_1ddc1aa0,0,0.7830221652984619,0.7830221652984619,0.7037037037037037,0.6744855967078188,9,12,100,2,1,250,0.000179,32
4,20240630125343_1ddc1aa0,0,0.7053711414337158,0.7053711414337158,0.7407407407407407,0.7119341563786008,9,12,100,2,1,250,0.000179,32
5,20240630125343_1ddc1aa0,0,0.49515464901924133,0.49515464901924133,0.8518518518518519,0.8432098765432099,9,12,100,2,1,250,0.000179,32
6,20240630125343_1ddc1aa0,0,0.7508511543273926,0.7508511543273926,0.7037037037037037,0.7116990005878895,9,12,100,2,1,250,0.000179,32
7,20240630125343_1ddc1aa0,0,0.6750773191452026,0.6750773191452026,0.6666666666666666,0.6551146384479717,9,12,100,2,1,250,0.000179,32
8,20240630125343_1ddc1aa0,0,0.8669685125350952,0.8669685125350952,0.8888888888888888,0.8915343915343915,9,12,100,2,1,250,0.000179,32
9,20240630125343_1ddc1aa0,0,0.7527007460594177,0.7527007460594177,0.7037037037037037,0.7314814814814815,9,12,100,2,1,250,0.000179,32
Average,20240630125343_1ddc1aa0,0,0.7948908299207688,0.7948908299207688,0.7444444444444445,0.7341256274589608,9,12,100,2,1,250,0.000179,32
0,20240630125610_98c40681,0,0.7436859011650085,0.7436859011650085,0.6666666666666666,0.6573780129335686,9,12,100,2,1,250,0.000179,32
1,20240630125610_98c40681,0,0.5768078565597534,0.5768078565597534,0.7407407407407407,0.7275132275132274,9,12,100,2,1,250,0.000179,32
2,20240630125610_98c40681,0,0.5391526818275452,0.5391526818275452,0.7777777777777778,0.7658436213991769,9,12,100,2,1,250,0.000179,32
3,20240630125610_98c40681,0,0.7464114427566528,0.7464114427566528,0.8148148148148148,0.7978971645638312,9,12,100,2,1,250,0.000179,32
4,20240630125610_98c40681,0,1.0046056509017944,1.0046056509017944,0.5925925925925926,0.5791245791245792,9,12,100,2,1,250,0.000179,32
5,20240630125610_98c40681,0,0.8129771947860718,0.8129771947860718,0.7407407407407407,0.7139623750734861,9,12,100,2,1,250,0.000179,32
6,20240630125610_98c40681,0,0.8584561347961426,0.8584561347961426,0.5555555555555556,0.5561434450323339,9,12,100,2,1,250,0.000179,32
7,20240630125610_98c40681,0,0.5829459428787231,0.5829459428787231,0.7777777777777778,0.7646090534979424,9,12,100,2,1,250,0.000179,32
8,20240630125610_98c40681,0,0.6128818988800049,0.6128818988800049,0.8148148148148148,0.8333333333333334,9,12,100,2,1,250,0.000179,32
9,20240630125610_98c40681,0,0.759567379951477,0.759567379951477,0.6666666666666666,0.6586419753086419,9,12,100,2,1,250,0.000179,32
Average,20240630125610_98c40681,0,0.7237492084503174,0.7237492084503174,0.7148148148148149,0.7054446787780121,9,12,100,2,1,250,0.000179,32
0,20240630125812_8d0e1e18,0,0.8592444062232971,0.8592444062232971,0.7037037037037037,0.7222222222222222,9,12,100,2,1,200,0.000179,32
1,20240630125812_8d0e1e18,0,1.0046076774597168,1.0046076774597168,0.5925925925925926,0.5771604938271605,9,12,100,2,1,200,0.000179,32
2,20240630125812_8d0e1e18,0,0.7477769255638123,0.7477769255638123,0.8148148148148148,0.7968005245783024,9,12,100,2,1,200,0.000179,32
3,20240630125812_8d0e1e18,0,0.6530136466026306,0.6530136466026306,0.8518518518518519,0.8837742504409171,9,12,100,2,1,200,0.000179,32
4,20240630125812_8d0e1e18,0,1.2993531227111816,1.2993531227111816,0.5555555555555556,0.534727001393668,9,12,100,2,1,200,0.000179,32
5,20240630125812_8d0e1e18,0,0.7470401525497437,0.7470401525497437,0.8148148148148148,0.8215167548500882,9,12,100,2,1,200,0.000179,32
6,20240630125812_8d0e1e18,0,1.3685197830200195,1.3685197830200195,0.4074074074074074,0.4006172839506173,9,12,100,2,1,200,0.000179,32
7,20240630125812_8d0e1e18,0,0.9176508784294128,0.9176508784294128,0.5185185185185185,0.39943616054727166,9,12,100,2,1,200,0.000179,32
8,20240630125812_8d0e1e18,0,1.4486312866210938,1.4486312866210938,0.4074074074074074,0.29241622574955906,9,12,100,2,1,200,0.000179,32
9,20240630125812_8d0e1e18,0,0.8262485265731812,0.8262485265731812,0.48148148148148145,0.4506172839506173,9,12,100,2,1,200,0.000179,32
Average,20240630125812_8d0e1e18,0,0.9872086405754089,0.9872086405754089,0.6148148148148148,0.5879288201510423,9,12,100,2,1,200,0.000179,32
0,20240630125955_34151ce2,0,1.171913504600525,1.171913504600525,0.5925925925925926,0.5338624338624338,9,12,100,2,1,150,0.000179,32
1,20240630125955_34151ce2,0,1.3816941976547241,1.3816941976547241,0.25925925925925924,0.19417989417989417,9,12,100,2,1,150,0.000179,32
2,20240630125955_34151ce2,0,0.9752334356307983,0.9752334356307983,0.7037037037037037,0.6911816578483245,9,12,100,2,1,150,0.000179,32
3,20240630125955_34151ce2,0,0.9245953559875488,0.9245953559875488,0.7037037037037037,0.6974506974506974,9,12,100,2,1,150,0.000179,32
4,20240630125955_34151ce2,0,0.6709160208702087,0.6709160208702087,0.8518518518518519,0.8615520282186948,9,12,100,2,1,150,0.000179,32
5,20240630125955_34151ce2,0,1.2977452278137207,1.2977452278137207,0.5555555555555556,0.5113756613756614,9,12,100,2,1,150,0.000179,32
6,20240630125955_34151ce2,0,0.954910933971405,0.954910933971405,0.6666666666666666,0.6549543049543048,9,12,100,2,1,150,0.000179,32
7,20240630125955_34151ce2,0,1.6454933881759644,1.6454933881759644,0.5555555555555556,0.5061434450323339,9,12,100,2,1,150,0.000179,32
8,20240630125955_34151ce2,0,1.1500616073608398,1.1500616073608398,0.6666666666666666,0.6045267489711934,9,12,100,2,1,150,0.000179,32
9,20240630125955_34151ce2,0,1.4565048217773438,1.4565048217773438,0.5925925925925926,0.5868526535193201,9,12,100,2,1,150,0.000179,32
Average,20240630125955_34151ce2,0,1.1629068493843078,1.1629068493843078,0.6148148148148149,0.5842079525412858,9,12,100,2,1,150,0.000179,32
0,20240630130439_f74e9eb8,0,1.0506335496902466,1.0506335496902466,0.6296296296296297,0.5906819517930629,9,12,100,2,1,100,0.000179,32
1,20240630130439_f74e9eb8,0,1.251296043395996,1.251296043395996,0.5185185185185185,0.5223504890171556,9,12,100,2,1,100,0.000179,32
2,20240630130439_f74e9eb8,0,1.5467954874038696,1.5467954874038696,0.4074074074074074,0.299641921864144,9,12,100,2,1,100,0.000179,32
3,20240630130439_f74e9eb8,0,1.2769280672073364,1.2769280672073364,0.48148148148148145,0.45984714873603766,9,12,100,2,1,100,0.000179,32
4,20240630130439_f74e9eb8,0,1.0561376810073853,1.0561376810073853,0.7407407407407407,0.7562022339800117,9,12,100,2,1,100,0.000179,32
5,20240630130439_f74e9eb8,0,1.8222426176071167,1.8222426176071167,0.18518518518518517,0.10538144982589427,9,12,100,2,1,100,0.000179,32
6,20240630130439_f74e9eb8,0,1.5465079545974731,1.5465079545974731,0.4074074074074074,0.26954732510288065,9,12,100,2,1,100,0.000179,32
7,20240630130439_f74e9eb8,0,0.9330169558525085,0.9330169558525085,0.8148148148148148,0.8047405269627491,9,12,100,2,1,100,0.000179,32
8,20240630130439_f74e9eb8,0,1.1336376667022705,1.1336376667022705,0.6666666666666666,0.6481639759417538,9,12,100,2,1,100,0.000179,32
9,20240630130439_f74e9eb8,0,1.3551161289215088,1.3551161289215088,0.37037037037037035,0.28656939768050876,9,12,100,2,1,100,0.000179,32
Average,20240630130439_f74e9eb8,0,1.2972312152385712,1.2972312152385712,0.5222222222222223,0.4743126420904199,9,12,100,2,1,100,0.000179,32
0,20240630130737_c6968984,0,0.5822012424468994,0.5822012424468994,0.8518518518518519,0.8759100981323202,9,12,100,2,1,600,0.0001,32
1,20240630130737_c6968984,0,0.686974048614502,0.686974048614502,0.8518518518518519,0.854320987654321,9,12,100,2,1,600,0.0001,32
2,20240630130737_c6968984,0,0.5646703839302063,0.5646703839302063,0.7777777777777778,0.7720992998770776,9,12,100,2,1,600,0.0001,32
3,20240630130737_c6968984,0,0.8237403035163879,0.8237403035163879,0.7777777777777778,0.7825396825396824,9,12,100,2,1,600,0.0001,32
4,20240630130737_c6968984,0,0.5812951326370239,0.5812951326370239,0.8888888888888888,0.8950617283950618,9,12,100,2,1,600,0.0001,32
5,20240630130737_c6968984,0,0.5294840931892395,0.5294840931892395,0.8148148148148148,0.7894179894179894,9,12,100,2,1,600,0.0001,32
6,20240630130737_c6968984,0,0.6198123693466187,0.6198123693466187,0.7777777777777778,0.768371546149324,9,12,100,2,1,600,0.0001,32
7,20240630130737_c6968984,0,0.764612078666687,0.764612078666687,0.7037037037037037,0.6351771685105019,9,12,100,2,1,600,0.0001,32
8,20240630130737_c6968984,0,0.5292453169822693,0.5292453169822693,0.7777777777777778,0.7648012481345815,9,12,100,2,1,600,0.0001,32
9,20240630130737_c6968984,0,0.8521334528923035,0.8521334528923035,0.7777777777777778,0.7862433862433862,9,12,100,2,1,600,0.0001,32
Average,20240630130737_c6968984,0,0.6534168422222137,0.6534168422222137,0.8,0.7923943135054247,9,12,100,2,1,600,0.0001,32
0,20240630131436_5279235f,0,1.270564317703247,1.270564317703247,0.48148148148148145,0.4802308802308803,9,12,100,2,1,600,5e-05,32
1,20240630131436_5279235f,0,1.0561391115188599,1.0561391115188599,0.6296296296296297,0.6141414141414141,9,12,100,2,1,600,5e-05,32
2,20240630131436_5279235f,0,0.8428934812545776,0.8428934812545776,0.7037037037037037,0.7197530864197531,9,12,100,2,1,600,5e-05,32
3,20240630131436_5279235f,0,1.3094367980957031,1.3094367980957031,0.5185185185185185,0.4360873694207028,9,12,100,2,1,600,5e-05,32
4,20240630131436_5279235f,0,0.990142822265625,0.990142822265625,0.6666666666666666,0.6530864197530865,9,12,100,2,1,600,5e-05,32
5,20240630131436_5279235f,0,0.9710677862167358,0.9710677862167358,0.5185185185185185,0.4742504409171076,9,12,100,2,1,600,5e-05,32
6,20240630131436_5279235f,0,1.0101488828659058,1.0101488828659058,0.7407407407407407,0.73342151675485,9,12,100,2,1,600,5e-05,32
7,20240630131436_5279235f,0,0.6180602312088013,0.6180602312088013,0.7037037037037037,0.6477072310405644,9,12,100,2,1,600,5e-05,32
8,20240630131436_5279235f,0,1.1959139108657837,1.1959139108657837,0.5925925925925926,0.5687830687830687,9,12,100,2,1,600,5e-05,32
9,20240630131436_5279235f,0,0.923748254776001,0.923748254776001,0.6666666666666666,0.664373897707231,9,12,100,2,1,600,5e-05,32
Average,20240630131436_5279235f,0,1.0188115596771241,1.0188115596771241,0.6222222222222223,0.599183532516866,9,12,100,2,1,600,5e-05,32
0,20240630131935_632d5c21,0,2.204420804977417,2.204420804977417,0.18518518518518517,0.10180436847103513,9,12,100,2,1,600,1e-05,32
1,20240630131935_632d5c21,0,2.19830060005188,2.19830060005188,0.1111111111111111,0.04888888888888889,9,12,100,2,1,600,1e-05,32
2,20240630131935_632d5c21,0,2.1581504344940186,2.1581504344940186,0.07407407407407407,0.010582010582010581,9,12,100,2,1,600,1e-05,32
3,20240630131935_632d5c21,0,2.1603193283081055,2.1603193283081055,0.14814814814814814,0.1058201058201058,9,12,100,2,1,600,1e-05,32
4,20240630131935_632d5c21,0,2.182070016860962,2.182070016860962,0.037037037037037035,0.021164021164021163,9,12,100,2,1,600,1e-05,32
5,20240630131935_632d5c21,0,2.2002761363983154,2.2002761363983154,0.18518518518518517,0.10310386780975016,9,12,100,2,1,600,1e-05,32
6,20240630131935_632d5c21,0,2.1753814220428467,2.1753814220428467,0.18518518518518517,0.08465608465608465,9,12,100,2,1,600,1e-05,32
7,20240630131935_632d5c21,0,2.1730682849884033,2.1730682849884033,0.07407407407407407,0.018518518518518517,9,12,100,2,1,600,1e-05,32
8,20240630131935_632d5c21,0,2.1322550773620605,2.1322550773620605,0.2962962962962963,0.15416270971826526,9,12,100,2,1,600,1e-05,32
9,20240630131935_632d5c21,0,2.174222230911255,2.174222230911255,0.07407407407407407,0.021751910640799527,9,12,100,2,1,600,1e-05,32
Average,20240630131935_632d5c21,0,2.1758464336395265,2.1758464336395265,0.137037037037037,0.06704524862694797,9,12,100,2,1,600,1e-05,32
0,20240630132557_cad7ad5b,0,1.206581711769104,1.206581711769104,0.5555555555555556,0.5350168350168351,9,12,100,2,1,600,4e-05,32
1,20240630132557_cad7ad5b,0,0.88959801197052,0.88959801197052,0.7407407407407407,0.7248677248677248,9,12,100,2,1,600,4e-05,32
2,20240630132557_cad7ad5b,0,1.1509393453598022,1.1509393453598022,0.4074074074074074,0.3596707818930041,9,12,100,2,1,600,4e-05,32
3,20240630132557_cad7ad5b,0,0.895542562007904,0.895542562007904,0.5555555555555556,0.54320987654321,9,12,100,2,1,600,4e-05,32
4,20240630132557_cad7ad5b,0,1.0566496849060059,1.0566496849060059,0.5925925925925926,0.5263000374111485,9,12,100,2,1,600,4e-05,32
5,20240630132557_cad7ad5b,0,1.150593876838684,1.150593876838684,0.4444444444444444,0.3991588658255325,9,12,100,2,1,600,4e-05,32
6,20240630132557_cad7ad5b,0,1.5383957624435425,1.5383957624435425,0.4444444444444444,0.3922692533803645,9,12,100,2,1,600,4e-05,32
7,20240630132557_cad7ad5b,0,0.8946380019187927,0.8946380019187927,0.7407407407407407,0.7168510501843834,9,12,100,2,1,600,4e-05,32
8,20240630132557_cad7ad5b,0,1.2617979049682617,1.2617979049682617,0.4444444444444444,0.42098765432098767,9,12,100,2,1,600,4e-05,32
9,20240630132557_cad7ad5b,0,1.2217406034469604,1.2217406034469604,0.6666666666666666,0.6649671316337984,9,12,100,2,1,600,4e-05,32
Average,20240630132557_cad7ad5b,0,1.1266477465629579,1.1266477465629579,0.5592592592592593,0.528329921107699,9,12,100,2,1,600,4e-05,32
0,20240630133611_dbf5cc50,0,0.5138112306594849,0.5138112306594849,0.8148148148148148,0.8199454866121534,9,12,80,2,1,600,0.000179,32
1,20240630133611_dbf5cc50,0,0.442487895488739,0.442487895488739,0.8148148148148148,0.8331569664902998,9,12,80,2,1,600,0.000179,32
2,20240630133611_dbf5cc50,0,0.17392781376838684,0.17392781376838684,0.9629629629629629,0.9623750734861846,9,12,80,2,1,600,0.000179,32
3,20240630133611_dbf5cc50,0,0.451447457075119,0.451447457075119,0.8888888888888888,0.8905349794238682,9,12,80,2,1,600,0.000179,32
4,20240630133611_dbf5cc50,0,0.5760343670845032,0.5760343670845032,0.8888888888888888,0.8973544973544973,9,12,80,2,1,600,0.000179,32
5,20240630133611_dbf5cc50,0,0.797039270401001,0.797039270401001,0.7407407407407407,0.7417989417989418,9,12,80,2,1,600,0.000179,32
6,20240630133611_dbf5cc50,0,0.4212450683116913,0.4212450683116913,0.8888888888888888,0.8841269841269842,9,12,80,2,1,600,0.000179,32
7,20240630133611_dbf5cc50,0,0.515197217464447,0.515197217464447,0.8148148148148148,0.7987654320987654,9,12,80,2,1,600,0.000179,32
8,20240630133611_dbf5cc50,0,0.5046124458312988,0.5046124458312988,0.8148148148148148,0.8010662177328844,9,12,80,2,1,600,0.000179,32
9,20240630133611_dbf5cc50,0,0.5514405369758606,0.5514405369758606,0.8148148148148148,0.7857730746619636,9,12,80,2,1,600,0.000179,32
Average,20240630133611_dbf5cc50,0,0.4947243303060532,0.4947243303060532,0.8444444444444443,0.8414897653786543,9,12,80,2,1,600,0.000179,32
=======
0,20240630115153_f31eb3af,0,0.6644436120986938,0.6644436120986938,0.7407407407407407,0.7582010582010582,9,12,90,2,1,600,0.0001,32
1,20240630115153_f31eb3af,0,0.7273045778274536,0.7273045778274536,0.8518518518518519,0.8570626903960238,9,12,90,2,1,600,0.0001,32
2,20240630115153_f31eb3af,0,0.4070592224597931,0.4070592224597931,0.8888888888888888,0.8876678876678876,9,12,90,2,1,600,0.0001,32
3,20240630115153_f31eb3af,0,0.8745169043540955,0.8745169043540955,0.6296296296296297,0.5992402659069326,9,12,90,2,1,600,0.0001,32
4,20240630115153_f31eb3af,0,0.36714479327201843,0.36714479327201843,0.8518518518518519,0.8481481481481481,9,12,90,2,1,600,0.0001,32
5,20240630115153_f31eb3af,0,1.081878662109375,1.081878662109375,0.5555555555555556,0.5695045695045695,9,12,90,2,1,600,0.0001,32
6,20240630115153_f31eb3af,0,0.8408617377281189,0.8408617377281189,0.6296296296296297,0.6164502164502166,9,12,90,2,1,600,0.0001,32
7,20240630115153_f31eb3af,0,0.9701183438301086,0.9701183438301086,0.6296296296296297,0.6237688237688238,9,12,90,2,1,600,0.0001,32
8,20240630115153_f31eb3af,0,0.6559305787086487,0.6559305787086487,0.7777777777777778,0.7590748757415424,9,12,90,2,1,600,0.0001,32
9,20240630115153_f31eb3af,0,0.9184420704841614,0.9184420704841614,0.7777777777777778,0.7936507936507937,9,12,90,2,1,600,0.0001,32
Average,20240630115153_f31eb3af,0,0.7507700502872467,0.7507700502872467,0.7333333333333334,0.7312769329435996,9,12,90,2,1,600,0.0001,32
0,20240630120927_c82ed977,0,0.6878144145011902,0.6878144145011902,0.8888888888888888,0.8562959674070785,9,12,90,2,1,600,0.000171,32
1,20240630120927_c82ed977,0,0.2348405122756958,0.2348405122756958,0.8888888888888888,0.912551440329218,9,12,90,2,1,600,0.000171,32
2,20240630120927_c82ed977,0,0.06826675683259964,0.06826675683259964,1.0,1.0,9,12,90,2,1,600,0.000171,32
3,20240630120927_c82ed977,0,0.36843666434288025,0.36843666434288025,0.9259259259259259,0.9269841269841268,9,12,90,2,1,600,0.000171,32
4,20240630120927_c82ed977,0,0.38659846782684326,0.38659846782684326,0.8518518518518519,0.8293209876543209,9,12,90,2,1,600,0.000171,32
5,20240630120927_c82ed977,0,1.2622978687286377,1.2622978687286377,0.6666666666666666,0.6834803057025278,9,12,90,2,1,600,0.000171,32
6,20240630120927_c82ed977,0,0.7132819890975952,0.7132819890975952,0.8148148148148148,0.8112233445566779,9,12,90,2,1,600,0.000171,32
7,20240630120927_c82ed977,0,0.551914393901825,0.551914393901825,0.7037037037037037,0.7002057613168724,9,12,90,2,1,600,0.000171,32
8,20240630120927_c82ed977,0,0.3807758390903473,0.3807758390903473,0.8518518518518519,0.824905136016247,9,12,90,2,1,600,0.000171,32
9,20240630120927_c82ed977,0,0.8755754828453064,0.8755754828453064,0.7777777777777778,0.7893592004703116,9,12,90,2,1,600,0.000171,32
Average,20240630120927_c82ed977,0,0.552980238944292,0.552980238944292,0.837037037037037,0.833432627043738,9,12,90,2,1,600,0.000171,32
0,20240630122058_9bded53e,0,0.6511256098747253,0.6511256098747253,0.9259259259259259,0.9193415637860083,9,12,90,2,1,600,0.000172,32
1,20240630122058_9bded53e,0,0.4291766583919525,0.4291766583919525,0.8888888888888888,0.8933782267115599,9,12,90,2,1,600,0.000172,32
2,20240630122058_9bded53e,0,0.08972840756177902,0.08972840756177902,0.8888888888888888,0.890299823633157,9,12,90,2,1,600,0.000172,32
3,20240630122058_9bded53e,0,0.5412263870239258,0.5412263870239258,0.8518518518518519,0.8594356261022926,9,12,90,2,1,600,0.000172,32
4,20240630122058_9bded53e,0,0.581215500831604,0.581215500831604,0.8148148148148148,0.8137566137566138,9,12,90,2,1,600,0.000172,32
5,20240630122058_9bded53e,0,0.08540186285972595,0.08540186285972595,0.9629629629629629,0.9481481481481482,9,12,90,2,1,600,0.000172,32
6,20240630122058_9bded53e,0,0.7161830067634583,0.7161830067634583,0.8518518518518519,0.856437389770723,9,12,90,2,1,600,0.000172,32
7,20240630122058_9bded53e,0,0.15845973789691925,0.15845973789691925,0.9259259259259259,0.9197530864197531,9,12,90,2,1,600,0.000172,32
8,20240630122058_9bded53e,0,0.687941312789917,0.687941312789917,0.7777777777777778,0.7327881994548662,9,12,90,2,1,600,0.000172,32
9,20240630122058_9bded53e,0,0.8103940486907959,0.8103940486907959,0.8888888888888888,0.8883009994121104,9,12,90,2,1,600,0.000172,32
Average,20240630122058_9bded53e,0,0.4750852532684803,0.4750852532684803,0.8777777777777777,0.8721639677195231,9,12,90,2,1,600,0.000172,32
0,20240630123605_7797f1a7,0,1.1003992557525635,1.1003992557525635,0.7037037037037037,0.7358612580834801,9,12,90,2,1,600,0.000173,32
1,20240630123605_7797f1a7,0,0.4931321442127228,0.4931321442127228,0.9259259259259259,0.927336860670194,9,12,90,2,1,600,0.000173,32
2,20240630123605_7797f1a7,0,0.41237929463386536,0.41237929463386536,0.8888888888888888,0.8781893004115225,9,12,90,2,1,600,0.000173,32
3,20240630123605_7797f1a7,0,0.6538234949111938,0.6538234949111938,0.7777777777777778,0.7653574820241487,9,12,90,2,1,600,0.000173,32
4,20240630123605_7797f1a7,0,0.8495982885360718,0.8495982885360718,0.8148148148148148,0.8063492063492063,9,12,90,2,1,600,0.000173,32
5,20240630123605_7797f1a7,0,0.5386893153190613,0.5386893153190613,0.8148148148148148,0.8265138154027043,9,12,90,2,1,600,0.000173,32
6,20240630123605_7797f1a7,0,0.6523064970970154,0.6523064970970154,0.8148148148148148,0.8176580621025066,9,12,90,2,1,600,0.000173,32
7,20240630123605_7797f1a7,0,0.16788171231746674,0.16788171231746674,0.9629629629629629,0.9619047619047618,9,12,90,2,1,600,0.000173,32
8,20240630123605_7797f1a7,0,0.48380380868911743,0.48380380868911743,0.8518518518518519,0.8481481481481481,9,12,90,2,1,600,0.000173,32
9,20240630123605_7797f1a7,0,0.49788516759872437,0.49788516759872437,0.8888888888888888,0.8724279835390947,9,12,90,2,1,600,0.000173,32
Average,20240630123605_7797f1a7,0,0.5849898979067802,0.5849898979067802,0.8444444444444444,0.8439746878635767,9,12,90,2,1,600,0.000173,32
0,20240630130851_1d349e72,0,0.9175904393196106,0.9175904393196106,0.6666666666666666,0.6684624017957351,9,12,90,2,1,600,0.000174,32
1,20240630130851_1d349e72,0,0.2764829397201538,0.2764829397201538,0.8888888888888888,0.8868900646678425,9,12,90,2,1,600,0.000174,32
2,20240630130851_1d349e72,0,0.23614080250263214,0.23614080250263214,0.9259259259259259,0.927946127946128,9,12,90,2,1,600,0.000174,32
3,20240630130851_1d349e72,0,0.7222095727920532,0.7222095727920532,0.8518518518518519,0.8329218106995884,9,12,90,2,1,600,0.000174,32
4,20240630130851_1d349e72,0,0.148056298494339,0.148056298494339,0.9629629629629629,0.9619047619047619,9,12,90,2,1,600,0.000174,32
5,20240630130851_1d349e72,0,0.5108560919761658,0.5108560919761658,0.7037037037037037,0.682106782106782,9,12,90,2,1,600,0.000174,32
6,20240630130851_1d349e72,0,0.7349346876144409,0.7349346876144409,0.7777777777777778,0.7922986478542035,9,12,90,2,1,600,0.000174,32
7,20240630130851_1d349e72,0,1.0451122522354126,1.0451122522354126,0.8148148148148148,0.7944444444444445,9,12,90,2,1,600,0.000174,32
8,20240630130851_1d349e72,0,0.5588851571083069,0.5588851571083069,0.8518518518518519,0.8469135802469135,9,12,90,2,1,600,0.000174,32
9,20240630130851_1d349e72,0,0.4216213822364807,0.4216213822364807,0.9259259259259259,0.9259259259259259,9,12,90,2,1,600,0.000174,32
Average,20240630130851_1d349e72,0,0.5571889623999595,0.5571889623999595,0.837037037037037,0.8319814547592326,9,12,90,2,1,600,0.000174,32
0,20240630131742_8f9511ea,0,0.9110480546951294,0.9110480546951294,0.8148148148148148,0.8251028806584363,9,12,90,2,1,600,0.000175,32
1,20240630131742_8f9511ea,0,0.9561642408370972,0.9561642408370972,0.5925925925925926,0.5995884773662552,9,12,90,2,1,600,0.000175,32
2,20240630131742_8f9511ea,0,0.8818303346633911,0.8818303346633911,0.8148148148148148,0.8098845598845599,9,12,90,2,1,600,0.000175,32
3,20240630131742_8f9511ea,0,0.32920071482658386,0.32920071482658386,0.8148148148148148,0.8370370370370371,9,12,90,2,1,600,0.000175,32
4,20240630131742_8f9511ea,0,0.7798435091972351,0.7798435091972351,0.7777777777777778,0.773721340388007,9,12,90,2,1,600,0.000175,32
5,20240630131742_8f9511ea,0,0.5292243361473083,0.5292243361473083,0.8148148148148148,0.8053872053872053,9,12,90,2,1,600,0.000175,32
6,20240630131742_8f9511ea,0,0.733272910118103,0.733272910118103,0.7777777777777778,0.7670781893004116,9,12,90,2,1,600,0.000175,32
7,20240630131742_8f9511ea,0,0.543817400932312,0.543817400932312,0.8148148148148148,0.8213243546576879,9,12,90,2,1,600,0.000175,32
8,20240630131742_8f9511ea,0,0.5807257890701294,0.5807257890701294,0.7407407407407407,0.7140291806958474,9,12,90,2,1,600,0.000175,32
9,20240630131742_8f9511ea,0,0.1394573450088501,0.1394573450088501,0.9259259259259259,0.9265138154027043,9,12,90,2,1,600,0.000175,32
Average,20240630131742_8f9511ea,0,0.638458463549614,0.638458463549614,0.7888888888888889,0.7879667040778152,9,12,90,2,1,600,0.000175,32
0,20240630132718_23d97299,0,0.34989288449287415,0.34989288449287415,0.9259259259259259,0.9274330607663941,9,12,90,2,1,600,0.000176,32
1,20240630132718_23d97299,0,0.4728287160396576,0.4728287160396576,0.7777777777777778,0.7952380952380951,9,12,90,2,1,600,0.000176,32
2,20240630132718_23d97299,0,0.17695826292037964,0.17695826292037964,0.9259259259259259,0.9370370370370371,9,12,90,2,1,600,0.000176,32
3,20240630132718_23d97299,0,0.3414720594882965,0.3414720594882965,0.8888888888888888,0.8909171075837742,9,12,90,2,1,600,0.000176,32
4,20240630132718_23d97299,0,1.0000494718551636,1.0000494718551636,0.5925925925925926,0.5776014109347442,9,12,90,2,1,600,0.000176,32
5,20240630132718_23d97299,0,0.3233092129230499,0.3233092129230499,0.8888888888888888,0.8938271604938272,9,12,90,2,1,600,0.000176,32
6,20240630132718_23d97299,0,1.1865103244781494,1.1865103244781494,0.7407407407407407,0.7415584415584416,9,12,90,2,1,600,0.000176,32
7,20240630132718_23d97299,0,0.35422536730766296,0.35422536730766296,0.9259259259259259,0.9242798353909465,9,12,90,2,1,600,0.000176,32
8,20240630132718_23d97299,0,0.5615607500076294,0.5615607500076294,0.7407407407407407,0.7213991769547325,9,12,90,2,1,600,0.000176,32
9,20240630132718_23d97299,0,1.0365129709243774,1.0365129709243774,0.7777777777777778,0.8024397413286303,9,12,90,2,1,600,0.000176,32
Average,20240630132718_23d97299,0,0.580332002043724,0.580332002043724,0.8185185185185185,0.8211731067286623,9,12,90,2,1,600,0.000176,32
>>>>>>> 9d2ece2ad997e7b02946c981b8257a95c74067e7
>>>>>>> a3159db38d97763d16bc8202bb43dd48888c5069
0,20240630150836_832e82fb,0,0.538722038269043,0.538722038269043,0.8888888888888888,0.8897119341563786,9,12,100,2,1,400,0.0004,32
1,20240630150836_832e82fb,0,0.7894290685653687,0.7894290685653687,0.6296296296296297,0.6319223985890653,9,12,100,2,1,400,0.0004,32
2,20240630150836_832e82fb,0,0.6021361351013184,0.6021361351013184,0.7407407407407407,0.7710437710437711,9,12,100,2,1,400,0.0004,32
3,20240630150836_832e82fb,0,0.38683021068573,0.38683021068573,0.9629629629629629,0.9635508524397414,9,12,100,2,1,400,0.0004,32
4,20240630150836_832e82fb,0,0.495406836271286,0.495406836271286,0.8518518518518519,0.854320987654321,9,12,100,2,1,400,0.0004,32
5,20240630150836_832e82fb,0,0.41857460141181946,0.41857460141181946,0.8148148148148148,0.8001763668430335,9,12,100,2,1,400,0.0004,32
6,20240630150836_832e82fb,0,0.32963883876800537,0.32963883876800537,0.8888888888888888,0.8878520656298433,9,12,100,2,1,400,0.0004,32
7,20240630150836_832e82fb,0,0.8157208561897278,0.8157208561897278,0.8148148148148148,0.8444444444444444,9,12,100,2,1,400,0.0004,32
8,20240630150836_832e82fb,0,0.7449654936790466,0.7449654936790466,0.7777777777777778,0.7923868312757202,9,12,100,2,1,400,0.0004,32
9,20240630150836_832e82fb,0,0.47928470373153687,0.47928470373153687,0.8518518518518519,0.8472021805355139,9,12,100,2,1,400,0.0004,32
Average,20240630150836_832e82fb,0,0.5600708782672882,0.5600708782672882,0.8222222222222222,0.8282611832611831,9,12,100,2,1,400,0.0004,32
0,20240630151147_4db78d14,0,0.8399608731269836,0.8399608731269836,0.7037037037037037,0.7370370370370369,9,12,100,2,1,400,0.0004,32
1,20240630151147_4db78d14,0,0.9160191416740417,0.9160191416740417,0.6296296296296297,0.5779381112714446,9,12,100,2,1,400,0.0004,32
2,20240630151147_4db78d14,0,0.47362154722213745,0.47362154722213745,0.8518518518518519,0.866124205013094,9,12,100,2,1,400,0.0004,32
3,20240630151147_4db78d14,0,0.1739063262939453,0.1739063262939453,0.9629629629629629,0.9594356261022926,9,12,100,2,1,400,0.0004,32
4,20240630151147_4db78d14,0,0.35615622997283936,0.35615622997283936,0.8518518518518519,0.8535137701804368,9,12,100,2,1,400,0.0004,32
5,20240630151147_4db78d14,0,0.16149140894412994,0.16149140894412994,0.9259259259259259,0.91005291005291,9,12,100,2,1,400,0.0004,32
6,20240630151147_4db78d14,0,0.38214585185050964,0.38214585185050964,0.8518518518518519,0.8504409171075836,9,12,100,2,1,400,0.0004,32
7,20240630151147_4db78d14,0,0.4828760623931885,0.4828760623931885,0.8888888888888888,0.897979797979798,9,12,100,2,1,400,0.0004,32
8,20240630151147_4db78d14,0,0.8554962277412415,0.8554962277412415,0.6296296296296297,0.6579071134626692,9,12,100,2,1,400,0.0004,32
9,20240630151147_4db78d14,0,0.32524585723876953,0.32524585723876953,0.9629629629629629,0.9664902998236331,9,12,100,2,1,400,0.0004,32
Average,20240630151147_4db78d14,0,0.49669195264577864,0.49669195264577864,0.825925925925926,0.8276919788030899,9,12,100,2,1,400,0.0004,32
0,20240630151445_8d2fcf2f,0,0.31436601281166077,0.31436601281166077,0.8888888888888888,0.8883009994121105,9,12,100,2,1,400,0.0004,32
1,20240630151445_8d2fcf2f,0,0.796846330165863,0.796846330165863,0.7777777777777778,0.78450911228689,9,12,100,2,1,400,0.0004,32
2,20240630151445_8d2fcf2f,0,0.5380390286445618,0.5380390286445618,0.7407407407407407,0.7592592592592593,9,12,100,2,1,400,0.0004,32
3,20240630151445_8d2fcf2f,0,0.49538666009902954,0.49538666009902954,0.8518518518518519,0.8447971781305114,9,12,100,2,1,400,0.0004,32
4,20240630151445_8d2fcf2f,0,0.5292579531669617,0.5292579531669617,0.8148148148148148,0.8063492063492064,9,12,100,2,1,400,0.0004,32
5,20240630151445_8d2fcf2f,0,0.3984074890613556,0.3984074890613556,0.7407407407407407,0.7539682539682538,9,12,100,2,1,400,0.0004,32
6,20240630151445_8d2fcf2f,0,0.3160606622695923,0.3160606622695923,0.8888888888888888,0.8919672919672919,9,12,100,2,1,400,0.0004,32
7,20240630151445_8d2fcf2f,0,0.5782123804092407,0.5782123804092407,0.8518518518518519,0.8523007856341189,9,12,100,2,1,400,0.0004,32
8,20240630151445_8d2fcf2f,0,0.27588608860969543,0.27588608860969543,0.8518518518518519,0.8621399176954733,9,12,100,2,1,400,0.0004,32
9,20240630151445_8d2fcf2f,0,0.5952036380767822,0.5952036380767822,0.8888888888888888,0.8956496178718402,9,12,100,2,1,400,0.0004,32
Average,20240630151445_8d2fcf2f,0,0.4837666243314743,0.4837666243314743,0.8296296296296296,0.8339241622574954,9,12,100,2,1,400,0.0004,32
0,20240630152236_f3409d27,0,0.359268456697464,0.359268456697464,0.9259259259259259,0.9218106995884774,9,12,100,2,1,400,0.0004,32
1,20240630152236_f3409d27,0,0.50455242395401,0.50455242395401,0.8518518518518519,0.8558947225613892,9,12,100,2,1,400,0.0004,32
2,20240630152236_f3409d27,0,0.5099014639854431,0.5099014639854431,0.8148148148148148,0.8113168724279836,9,12,100,2,1,400,0.0004,32
3,20240630152236_f3409d27,0,0.7087113261222839,0.7087113261222839,0.8148148148148148,0.8055849500293945,9,12,100,2,1,400,0.0004,32
4,20240630152236_f3409d27,0,0.011835161596536636,0.011835161596536636,1.0,1.0,9,12,100,2,1,400,0.0004,32
5,20240630152236_f3409d27,0,0.03540778160095215,0.03540778160095215,0.9629629629629629,0.9629629629629629,9,12,100,2,1,400,0.0004,32
6,20240630152236_f3409d27,0,0.4307960569858551,0.4307960569858551,0.8518518518518519,0.856341189674523,9,12,100,2,1,400,0.0004,32
7,20240630152236_f3409d27,0,1.005104899406433,1.005104899406433,0.7407407407407407,0.7841056063278287,9,12,100,2,1,400,0.0004,32
8,20240630152236_f3409d27,0,0.30144864320755005,0.30144864320755005,0.8148148148148148,0.7969135802469135,9,12,100,2,1,400,0.0004,32
9,20240630152236_f3409d27,0,0.6130409836769104,0.6130409836769104,0.8148148148148148,0.7897119341563786,9,12,100,2,1,400,0.0004,32
Average,20240630152236_f3409d27,0,0.4480067197233438,0.4480067197233438,0.8592592592592592,0.8584642517975853,9,12,100,2,1,400,0.0004,32
0,20240630152531_b366bfaf,0,0.4420207738876343,0.4420207738876343,0.8888888888888888,0.8761316872427983,9,12,100,2,1,400,0.0004,32
1,20240630152531_b366bfaf,0,0.9451924562454224,0.9451924562454224,0.7037037037037037,0.7158249158249158,9,12,100,2,1,400,0.0004,32
2,20240630152531_b366bfaf,0,0.6779152154922485,0.6779152154922485,0.7777777777777778,0.7744855967078189,9,12,100,2,1,400,0.0004,32
3,20240630152531_b366bfaf,0,0.19801725447177887,0.19801725447177887,0.8888888888888888,0.8761316872427983,9,12,100,2,1,400,0.0004,32
4,20240630152531_b366bfaf,0,0.017239924520254135,0.017239924520254135,1.0,1.0,9,12,100,2,1,400,0.0004,32
5,20240630152531_b366bfaf,0,0.2586214244365692,0.2586214244365692,0.8518518518518519,0.8483245149911817,9,12,100,2,1,400,0.0004,32
6,20240630152531_b366bfaf,0,0.6209846138954163,0.6209846138954163,0.8888888888888888,0.8855967078189301,9,12,100,2,1,400,0.0004,32
7,20240630152531_b366bfaf,0,0.8322755098342896,0.8322755098342896,0.7777777777777778,0.8259259259259261,9,12,100,2,1,400,0.0004,32
8,20240630152531_b366bfaf,0,0.1850985288619995,0.1850985288619995,0.8888888888888888,0.8862807973919083,9,12,100,2,1,400,0.0004,32
9,20240630152531_b366bfaf,0,0.7041381001472473,0.7041381001472473,0.8518518518518519,0.8395061728395062,9,12,100,2,1,400,0.0004,32
Average,20240630152531_b366bfaf,0,0.488150380179286,0.488150380179286,0.8518518518518517,0.8528208005985783,9,12,100,2,1,400,0.0004,32
0,20240630152824_21b55519,0,0.1180356815457344,0.1180356815457344,0.8888888888888888,0.8839506172839506,9,12,100,2,1,400,0.0004,32
1,20240630152824_21b55519,0,0.8491826057434082,0.8491826057434082,0.6296296296296297,0.6506172839506172,9,12,100,2,1,400,0.0004,32
2,20240630152824_21b55519,0,0.8271980881690979,0.8271980881690979,0.8148148148148148,0.8079952968841858,9,12,100,2,1,400,0.0004,32
3,20240630152824_21b55519,0,0.8032212257385254,0.8032212257385254,0.7777777777777778,0.7401528512639622,9,12,100,2,1,400,0.0004,32
4,20240630152824_21b55519,0,0.02927830070257187,0.02927830070257187,0.9629629629629629,0.9629629629629629,9,12,100,2,1,400,0.0004,32
5,20240630152824_21b55519,0,0.4229608178138733,0.4229608178138733,0.8888888888888888,0.88124632569077,9,12,100,2,1,400,0.0004,32
6,20240630152824_21b55519,0,0.744740903377533,0.744740903377533,0.7777777777777778,0.7711640211640213,9,12,100,2,1,400,0.0004,32
7,20240630152824_21b55519,0,0.949214518070221,0.949214518070221,0.7777777777777778,0.8386831275720165,9,12,100,2,1,400,0.0004,32
8,20240630152824_21b55519,0,0.677837610244751,0.677837610244751,0.8518518518518519,0.8483245149911817,9,12,100,2,1,400,0.0004,32
9,20240630152824_21b55519,0,0.530507504940033,0.530507504940033,0.7777777777777778,0.7773288439955107,9,12,100,2,1,400,0.0004,32
Average,20240630152824_21b55519,0,0.5952177256345749,0.5952177256345749,0.8148148148148149,0.8162425845759179,9,12,100,2,1,400,0.0004,32
